Entity,Code,Day,people_fully_vaccinated
Albania,ALB,2021-02-02,1
Albania,ALB,2021-02-09,438
Albania,ALB,2021-02-17,611
Albania,ALB,2021-02-18,611
Albania,ALB,2021-02-22,655
Andorra,AND,2021-03-08,1172
Andorra,AND,2021-03-10,1264
Argentina,ARG,2021-01-20,4394
Argentina,ARG,2021-01-21,16352
Argentina,ARG,2021-01-22,25146
Argentina,ARG,2021-01-23,29188
Argentina,ARG,2021-01-24,31987
Argentina,ARG,2021-01-25,32264
Argentina,ARG,2021-01-26,38911
Argentina,ARG,2021-01-27,45710
Argentina,ARG,2021-01-28,51451
Argentina,ARG,2021-01-29,65583
Argentina,ARG,2021-01-30,85361
Argentina,ARG,2021-02-01,94274
Argentina,ARG,2021-02-03,112366
Argentina,ARG,2021-02-04,146301
Argentina,ARG,2021-02-06,163882
Argentina,ARG,2021-02-07,181836
Argentina,ARG,2021-02-08,189264
Argentina,ARG,2021-02-09,190203
Argentina,ARG,2021-02-10,197531
Argentina,ARG,2021-02-11,210279
Argentina,ARG,2021-02-12,223609
Argentina,ARG,2021-02-13,234616
Argentina,ARG,2021-02-14,237483
Argentina,ARG,2021-02-15,237610
Argentina,ARG,2021-02-16,237916
Argentina,ARG,2021-02-17,238320
Argentina,ARG,2021-02-18,243184
Argentina,ARG,2021-02-19,253696
Argentina,ARG,2021-02-20,261534
Argentina,ARG,2021-02-21,263338
Argentina,ARG,2021-02-22,263412
Argentina,ARG,2021-02-23,264926
Argentina,ARG,2021-02-24,267061
Argentina,ARG,2021-02-25,271001
Argentina,ARG,2021-02-26,283280
Argentina,ARG,2021-02-27,290425
Argentina,ARG,2021-02-28,293432
Argentina,ARG,2021-03-01,293957
Argentina,ARG,2021-03-02,302662
Argentina,ARG,2021-03-03,306376
Argentina,ARG,2021-03-04,310766
Argentina,ARG,2021-03-05,327092
Argentina,ARG,2021-03-07,343204
Argentina,ARG,2021-03-08,343701
Argentina,ARG,2021-03-09,347170
Argentina,ARG,2021-03-10,349454
Argentina,ARG,2021-03-11,354519
Argentina,ARG,2021-03-12,378662
Argentina,ARG,2021-03-13,418625
Argentina,ARG,2021-03-14,448733
Argentina,ARG,2021-03-15,451311
Austria,AUT,2021-01-17,323
Austria,AUT,2021-01-18,1196
Austria,AUT,2021-01-19,2624
Austria,AUT,2021-01-20,3894
Austria,AUT,2021-01-21,4054
Austria,AUT,2021-01-22,4634
Austria,AUT,2021-01-23,4635
Austria,AUT,2021-01-24,4636
Austria,AUT,2021-01-25,4742
Austria,AUT,2021-01-26,5591
Austria,AUT,2021-01-27,6023
Austria,AUT,2021-01-28,8446
Austria,AUT,2021-01-29,17951
Austria,AUT,2021-01-30,20268
Austria,AUT,2021-01-31,21264
Austria,AUT,2021-02-01,24224
Austria,AUT,2021-02-02,37762
Austria,AUT,2021-02-03,51800
Austria,AUT,2021-02-04,68281
Austria,AUT,2021-02-05,84464
Austria,AUT,2021-02-06,90581
Austria,AUT,2021-02-07,94836
Austria,AUT,2021-02-08,102277
Austria,AUT,2021-02-09,118099
Austria,AUT,2021-02-10,135895
Austria,AUT,2021-02-11,154487
Austria,AUT,2021-02-12,172325
Austria,AUT,2021-02-13,177194
Austria,AUT,2021-02-14,178642
Austria,AUT,2021-02-15,181762
Austria,AUT,2021-02-16,189099
Austria,AUT,2021-02-17,198489
Austria,AUT,2021-02-18,206247
Austria,AUT,2021-02-19,214523
Austria,AUT,2021-02-20,216193
Austria,AUT,2021-02-21,216536
Austria,AUT,2021-02-22,218294
Austria,AUT,2021-02-23,222637
Austria,AUT,2021-02-24,225984
Austria,AUT,2021-02-25,229329
Austria,AUT,2021-02-26,233814
Austria,AUT,2021-02-27,235743
Austria,AUT,2021-02-28,236148
Austria,AUT,2021-03-01,236923
Austria,AUT,2021-03-02,239141
Austria,AUT,2021-03-03,241312
Austria,AUT,2021-03-04,243951
Austria,AUT,2021-03-05,246678
Austria,AUT,2021-03-06,249070
Austria,AUT,2021-03-07,249694
Austria,AUT,2021-03-08,251024
Austria,AUT,2021-03-09,254322
Austria,AUT,2021-03-10,258402
Austria,AUT,2021-03-11,263401
Austria,AUT,2021-03-12,267635
Austria,AUT,2021-03-13,272575
Austria,AUT,2021-03-14,274884
Bahrain,BHR,2021-03-06,199374
Bahrain,BHR,2021-03-07,201442
Bahrain,BHR,2021-03-08,202679
Bahrain,BHR,2021-03-09,203915
Bahrain,BHR,2021-03-10,206072
Bahrain,BHR,2021-03-11,208325
Bahrain,BHR,2021-03-12,210225
Bahrain,BHR,2021-03-13,212117
Bahrain,BHR,2021-03-14,214181
Bahrain,BHR,2021-03-15,216826
Belgium,BEL,2021-01-18,109
Belgium,BEL,2021-01-19,290
Belgium,BEL,2021-01-20,713
Belgium,BEL,2021-01-21,713
Belgium,BEL,2021-01-22,745
Belgium,BEL,2021-01-23,752
Belgium,BEL,2021-01-24,752
Belgium,BEL,2021-01-25,752
Belgium,BEL,2021-01-26,2337
Belgium,BEL,2021-01-27,5739
Belgium,BEL,2021-01-28,13117
Belgium,BEL,2021-01-29,21886
Belgium,BEL,2021-01-30,24758
Belgium,BEL,2021-01-31,25086
Belgium,BEL,2021-02-01,28815
Belgium,BEL,2021-02-02,42437
Belgium,BEL,2021-02-03,62643
Belgium,BEL,2021-02-04,86246
Belgium,BEL,2021-02-05,108581
Belgium,BEL,2021-02-06,113701
Belgium,BEL,2021-02-07,116519
Belgium,BEL,2021-02-08,124245
Belgium,BEL,2021-02-09,143383
Belgium,BEL,2021-02-10,161974
Belgium,BEL,2021-02-11,189826
Belgium,BEL,2021-02-12,217200
Belgium,BEL,2021-02-13,225075
Belgium,BEL,2021-02-14,226919
Belgium,BEL,2021-02-15,238325
Belgium,BEL,2021-02-16,248653
Belgium,BEL,2021-02-17,261160
Belgium,BEL,2021-02-18,277274
Belgium,BEL,2021-02-19,289966
Belgium,BEL,2021-02-20,291537
Belgium,BEL,2021-02-21,291798
Belgium,BEL,2021-02-22,294588
Belgium,BEL,2021-02-23,302051
Belgium,BEL,2021-02-24,309977
Belgium,BEL,2021-02-25,318338
Belgium,BEL,2021-02-26,324878
Belgium,BEL,2021-02-27,325625
Belgium,BEL,2021-02-28,325846
Belgium,BEL,2021-03-01,328516
Belgium,BEL,2021-03-02,335114
Belgium,BEL,2021-03-03,340880
Belgium,BEL,2021-03-04,348899
Belgium,BEL,2021-03-05,354798
Belgium,BEL,2021-03-06,355363
Belgium,BEL,2021-03-07,355539
Belgium,BEL,2021-03-08,357154
Belgium,BEL,2021-03-09,363607
Belgium,BEL,2021-03-10,371431
Belgium,BEL,2021-03-11,378498
Belgium,BEL,2021-03-12,388109
Belgium,BEL,2021-03-13,389167
Belgium,BEL,2021-03-14,389913
Bermuda,BMU,2021-02-06,1591
Bermuda,BMU,2021-02-09,1600
Bermuda,BMU,2021-02-22,4769
Bermuda,BMU,2021-02-27,7046
Bermuda,BMU,2021-03-03,8645
Bermuda,BMU,2021-03-10,10332
Bolivia,BOL,2021-03-02,9162
Bolivia,BOL,2021-03-03,9540
Bolivia,BOL,2021-03-04,9700
Bolivia,BOL,2021-03-05,9785
Bolivia,BOL,2021-03-06,9785
Bolivia,BOL,2021-03-07,9785
Bolivia,BOL,2021-03-08,9830
Bolivia,BOL,2021-03-09,9870
Bolivia,BOL,2021-03-10,9878
Bolivia,BOL,2021-03-11,9938
Bolivia,BOL,2021-03-12,9951
Bolivia,BOL,2021-03-13,9951
Bolivia,BOL,2021-03-14,9951
Bolivia,BOL,2021-03-15,9996
Brazil,BRA,2021-02-06,1962
Brazil,BRA,2021-02-07,19677
Brazil,BRA,2021-02-08,25688
Brazil,BRA,2021-02-09,33616
Brazil,BRA,2021-02-10,50655
Brazil,BRA,2021-02-11,80760
Brazil,BRA,2021-02-12,109866
Brazil,BRA,2021-02-13,178468
Brazil,BRA,2021-02-14,194230
Brazil,BRA,2021-02-15,217869
Brazil,BRA,2021-02-16,285620
Brazil,BRA,2021-02-17,557532
Brazil,BRA,2021-02-18,723755
Brazil,BRA,2021-02-19,894673
Brazil,BRA,2021-02-20,1056807
Brazil,BRA,2021-02-21,1132894
Brazil,BRA,2021-02-22,1171276
Brazil,BRA,2021-02-23,1294188
Brazil,BRA,2021-02-24,1435594
Brazil,BRA,2021-02-25,1596945
Brazil,BRA,2021-02-26,1755018
Brazil,BRA,2021-02-27,1884206
Brazil,BRA,2021-02-28,1914940
Brazil,BRA,2021-03-01,1923197
Brazil,BRA,2021-03-02,2034734
Brazil,BRA,2021-03-03,2163103
Brazil,BRA,2021-03-04,2321824
Brazil,BRA,2021-03-05,2468014
Brazil,BRA,2021-03-10,2510956
Brazil,BRA,2021-03-11,2648615
Brazil,BRA,2021-03-12,2789164
Brazil,BRA,2021-03-13,2849230
Brazil,BRA,2021-03-14,2860819
Brazil,BRA,2021-03-15,2976204
Bulgaria,BGR,2021-01-18,1114
Bulgaria,BGR,2021-01-19,3168
Bulgaria,BGR,2021-01-20,4293
Bulgaria,BGR,2021-01-21,4532
Bulgaria,BGR,2021-01-22,4605
Bulgaria,BGR,2021-01-23,4610
Bulgaria,BGR,2021-01-24,4610
Bulgaria,BGR,2021-01-25,4669
Bulgaria,BGR,2021-01-26,5455
Bulgaria,BGR,2021-01-27,7672
Bulgaria,BGR,2021-01-28,10883
Bulgaria,BGR,2021-01-29,12949
Bulgaria,BGR,2021-01-30,13063
Bulgaria,BGR,2021-01-31,13084
Bulgaria,BGR,2021-02-01,13656
Bulgaria,BGR,2021-02-02,15100
Bulgaria,BGR,2021-02-03,16433
Bulgaria,BGR,2021-02-04,17096
Bulgaria,BGR,2021-02-05,17392
Bulgaria,BGR,2021-02-06,17392
Bulgaria,BGR,2021-02-07,17392
Bulgaria,BGR,2021-02-08,17481
Bulgaria,BGR,2021-02-09,17946
Bulgaria,BGR,2021-02-10,18612
Bulgaria,BGR,2021-02-11,19688
Bulgaria,BGR,2021-02-12,20571
Bulgaria,BGR,2021-02-13,20674
Bulgaria,BGR,2021-02-14,20698
Bulgaria,BGR,2021-02-15,21323
Bulgaria,BGR,2021-02-16,22776
Bulgaria,BGR,2021-02-17,24107
Bulgaria,BGR,2021-02-18,25441
Bulgaria,BGR,2021-02-19,26750
Bulgaria,BGR,2021-02-20,26923
Bulgaria,BGR,2021-02-21,26973
Bulgaria,BGR,2021-02-22,27952
Bulgaria,BGR,2021-02-23,29677
Bulgaria,BGR,2021-02-24,32008
Bulgaria,BGR,2021-02-25,34719
Bulgaria,BGR,2021-02-26,37181
Bulgaria,BGR,2021-02-27,37367
Bulgaria,BGR,2021-02-28,37379
Bulgaria,BGR,2021-03-01,38775
Bulgaria,BGR,2021-03-02,41525
Bulgaria,BGR,2021-03-03,41873
Bulgaria,BGR,2021-03-04,46712
Bulgaria,BGR,2021-03-05,49938
Bulgaria,BGR,2021-03-06,50051
Bulgaria,BGR,2021-03-07,50056
Bulgaria,BGR,2021-03-08,50653
Bulgaria,BGR,2021-03-09,51644
Bulgaria,BGR,2021-03-10,52735
Bulgaria,BGR,2021-03-11,53859
Bulgaria,BGR,2021-03-12,57336
Bulgaria,BGR,2021-03-13,57767
Bulgaria,BGR,2021-03-14,58417
Bulgaria,BGR,2021-03-15,59994
Canada,CAN,2021-01-07,2173
Canada,CAN,2021-01-08,4053
Canada,CAN,2021-01-09,5880
Canada,CAN,2021-01-10,5884
Canada,CAN,2021-01-11,5884
Canada,CAN,2021-01-12,6046
Canada,CAN,2021-01-13,16320
Canada,CAN,2021-01-14,21138
Canada,CAN,2021-01-15,26541
Canada,CAN,2021-01-16,28780
Canada,CAN,2021-01-17,31161
Canada,CAN,2021-01-18,31910
Canada,CAN,2021-01-19,37189
Canada,CAN,2021-01-20,53228
Canada,CAN,2021-01-21,63364
Canada,CAN,2021-01-22,74137
Canada,CAN,2021-01-23,82757
Canada,CAN,2021-01-24,87881
Canada,CAN,2021-01-25,100281
Canada,CAN,2021-01-26,114453
Canada,CAN,2021-01-27,82196
Canada,CAN,2021-01-28,91944
Canada,CAN,2021-01-29,101175
Canada,CAN,2021-01-30,109501
Canada,CAN,2021-01-31,111890
Canada,CAN,2021-02-01,116317
Canada,CAN,2021-02-02,121087
Canada,CAN,2021-02-03,130133
Canada,CAN,2021-02-04,142437
Canada,CAN,2021-02-05,155503
Canada,CAN,2021-02-06,168987
Canada,CAN,2021-02-07,176584
Canada,CAN,2021-02-08,187434
Canada,CAN,2021-02-09,204059
Canada,CAN,2021-02-10,223991
Canada,CAN,2021-02-11,244100
Canada,CAN,2021-02-12,266826
Canada,CAN,2021-02-13,287470
Canada,CAN,2021-02-14,301732
Canada,CAN,2021-02-15,309982
Canada,CAN,2021-02-16,327770
Canada,CAN,2021-02-17,343423
Canada,CAN,2021-02-18,363132
Canada,CAN,2021-02-19,387694
Canada,CAN,2021-02-20,404466
Canada,CAN,2021-02-21,417478
Canada,CAN,2021-02-22,449546
Canada,CAN,2021-02-23,467772
Canada,CAN,2021-02-24,482047
Canada,CAN,2021-02-25,498860
Canada,CAN,2021-02-26,511975
Canada,CAN,2021-02-27,519782
Canada,CAN,2021-02-28,525025
Canada,CAN,2021-03-01,538239
Canada,CAN,2021-03-02,548204
Canada,CAN,2021-03-03,554427
Canada,CAN,2021-03-04,558882
Canada,CAN,2021-03-05,561971
Canada,CAN,2021-03-06,564217
Canada,CAN,2021-03-07,565719
Canada,CAN,2021-03-08,575602
Canada,CAN,2021-03-09,579032
Canada,CAN,2021-03-10,583483
Canada,CAN,2021-03-11,587651
Canada,CAN,2021-03-12,590674
Canada,CAN,2021-03-13,593331
Canada,CAN,2021-03-14,595333
Canada,CAN,2021-03-15,600918
Cayman Islands,CYM,2021-02-04,3197
Cayman Islands,CYM,2021-02-09,4770
Cayman Islands,CYM,2021-02-10,5174
Cayman Islands,CYM,2021-02-12,6371
Cayman Islands,CYM,2021-02-17,6942
Cayman Islands,CYM,2021-02-19,7008
Cayman Islands,CYM,2021-02-20,7638
Cayman Islands,CYM,2021-02-23,7693
Cayman Islands,CYM,2021-02-24,7758
Cayman Islands,CYM,2021-03-05,8878
Cayman Islands,CYM,2021-03-12,10116
Chile,CHL,2021-01-13,1029
Chile,CHL,2021-01-14,5825
Chile,CHL,2021-01-15,8297
Chile,CHL,2021-01-16,8364
Chile,CHL,2021-01-17,8364
Chile,CHL,2021-01-18,8364
Chile,CHL,2021-01-19,8366
Chile,CHL,2021-01-20,8366
Chile,CHL,2021-01-21,8366
Chile,CHL,2021-01-22,8366
Chile,CHL,2021-01-23,8366
Chile,CHL,2021-01-24,8366
Chile,CHL,2021-01-25,9766
Chile,CHL,2021-01-26,10361
Chile,CHL,2021-01-27,10395
Chile,CHL,2021-01-28,10395
Chile,CHL,2021-01-29,10400
Chile,CHL,2021-01-30,10400
Chile,CHL,2021-01-31,10400
Chile,CHL,2021-02-01,10400
Chile,CHL,2021-02-02,10406
Chile,CHL,2021-02-03,10406
Chile,CHL,2021-02-04,12514
Chile,CHL,2021-02-05,13184
Chile,CHL,2021-02-06,13189
Chile,CHL,2021-02-07,13189
Chile,CHL,2021-02-08,24956
Chile,CHL,2021-02-09,44307
Chile,CHL,2021-02-10,52635
Chile,CHL,2021-02-11,55501
Chile,CHL,2021-02-12,55708
Chile,CHL,2021-02-13,55742
Chile,CHL,2021-02-14,55742
Chile,CHL,2021-02-15,55742
Chile,CHL,2021-02-16,55752
Chile,CHL,2021-02-17,55752
Chile,CHL,2021-02-18,55752
Chile,CHL,2021-02-19,55752
Chile,CHL,2021-02-20,55752
Chile,CHL,2021-02-21,55752
Chile,CHL,2021-02-22,55773
Chile,CHL,2021-02-23,55813
Chile,CHL,2021-02-24,55985
Chile,CHL,2021-02-25,56129
Chile,CHL,2021-02-26,56246
Chile,CHL,2021-02-27,56250
Chile,CHL,2021-02-28,56250
Chile,CHL,2021-03-01,56650
Chile,CHL,2021-03-02,69041
Chile,CHL,2021-03-03,222810
Chile,CHL,2021-03-04,388264
Chile,CHL,2021-03-05,549197
Chile,CHL,2021-03-06,573357
Chile,CHL,2021-03-07,580201
Chile,CHL,2021-03-08,793662
Chile,CHL,2021-03-09,1030278
Chile,CHL,2021-03-10,1293460
Chile,CHL,2021-03-11,1536789
Chile,CHL,2021-03-12,1757766
Chile,CHL,2021-03-13,1783521
Chile,CHL,2021-03-14,1787291
Chile,CHL,2021-03-15,2040279
Colombia,COL,2021-03-11,9148
Colombia,COL,2021-03-12,23449
Colombia,COL,2021-03-13,33242
Costa Rica,CRI,2021-01-15,55
Costa Rica,CRI,2021-01-18,132
Costa Rica,CRI,2021-01-25,2421
Costa Rica,CRI,2021-02-01,11838
Costa Rica,CRI,2021-02-08,28363
Costa Rica,CRI,2021-02-15,42553
Costa Rica,CRI,2021-02-22,44021
Costa Rica,CRI,2021-03-01,46117
Costa Rica,CRI,2021-03-08,52745
Costa Rica,CRI,2021-03-12,53898
Costa Rica,CRI,2021-03-15,57994
Croatia,HRV,2021-01-25,11907
Croatia,HRV,2021-02-01,25099
Croatia,HRV,2021-02-03,28865
Croatia,HRV,2021-02-04,35912
Croatia,HRV,2021-02-09,41966
Croatia,HRV,2021-02-11,47969
Croatia,HRV,2021-02-15,52778
Croatia,HRV,2021-02-18,55053
Croatia,HRV,2021-02-22,57835
Croatia,HRV,2021-02-24,58305
Croatia,HRV,2021-02-25,58511
Croatia,HRV,2021-03-01,59983
Croatia,HRV,2021-03-04,60000
Croatia,HRV,2021-03-08,63056
Croatia,HRV,2021-03-12,67533
Cyprus,CYP,2021-01-23,2057
Cyprus,CYP,2021-01-30,5551
Cyprus,CYP,2021-02-06,10024
Cyprus,CYP,2021-02-13,14837
Cyprus,CYP,2021-02-20,19221
Cyprus,CYP,2021-02-23,20323
Cyprus,CYP,2021-02-26,22559
Cyprus,CYP,2021-03-07,28741
Czechia,CZE,2021-01-17,634
Czechia,CZE,2021-01-18,2433
Czechia,CZE,2021-01-19,5132
Czechia,CZE,2021-01-20,7754
Czechia,CZE,2021-01-21,9477
Czechia,CZE,2021-01-22,10512
Czechia,CZE,2021-01-23,11376
Czechia,CZE,2021-01-24,12237
Czechia,CZE,2021-01-25,15176
Czechia,CZE,2021-01-26,19133
Czechia,CZE,2021-01-27,23618
Czechia,CZE,2021-01-28,29697
Czechia,CZE,2021-01-29,37470
Czechia,CZE,2021-01-30,38551
Czechia,CZE,2021-01-31,39688
Czechia,CZE,2021-02-01,47531
Czechia,CZE,2021-02-02,57673
Czechia,CZE,2021-02-03,68611
Czechia,CZE,2021-02-04,81496
Czechia,CZE,2021-02-05,92070
Czechia,CZE,2021-02-06,94388
Czechia,CZE,2021-02-07,96849
Czechia,CZE,2021-02-08,108157
Czechia,CZE,2021-02-09,119980
Czechia,CZE,2021-02-10,133047
Czechia,CZE,2021-02-11,148983
Czechia,CZE,2021-02-12,163543
Czechia,CZE,2021-02-13,166492
Czechia,CZE,2021-02-14,167857
Czechia,CZE,2021-02-15,177134
Czechia,CZE,2021-02-16,185995
Czechia,CZE,2021-02-17,194170
Czechia,CZE,2021-02-18,202052
Czechia,CZE,2021-02-19,209244
Czechia,CZE,2021-02-20,210406
Czechia,CZE,2021-02-21,211409
Czechia,CZE,2021-02-22,217370
Czechia,CZE,2021-02-23,224245
Czechia,CZE,2021-02-24,230186
Czechia,CZE,2021-02-25,235674
Czechia,CZE,2021-02-26,240902
Czechia,CZE,2021-02-27,241446
Czechia,CZE,2021-02-28,241984
Czechia,CZE,2021-03-01,245287
Czechia,CZE,2021-03-02,248770
Czechia,CZE,2021-03-03,253157
Czechia,CZE,2021-03-04,257701
Czechia,CZE,2021-03-05,262967
Czechia,CZE,2021-03-06,263792
Czechia,CZE,2021-03-07,264611
Czechia,CZE,2021-03-08,269285
Czechia,CZE,2021-03-09,275511
Czechia,CZE,2021-03-10,282332
Czechia,CZE,2021-03-11,290328
Czechia,CZE,2021-03-12,298240
Czechia,CZE,2021-03-13,299497
Czechia,CZE,2021-03-14,300481
Czechia,CZE,2021-03-15,308341
Denmark,DNK,2021-01-15,5
Denmark,DNK,2021-01-16,12
Denmark,DNK,2021-01-17,723
Denmark,DNK,2021-01-18,2849
Denmark,DNK,2021-01-19,4934
Denmark,DNK,2021-01-20,6817
Denmark,DNK,2021-01-21,9167
Denmark,DNK,2021-01-22,14811
Denmark,DNK,2021-01-23,21970
Denmark,DNK,2021-01-24,28498
Denmark,DNK,2021-01-25,30945
Denmark,DNK,2021-01-26,32688
Denmark,DNK,2021-01-27,37048
Denmark,DNK,2021-01-28,45159
Denmark,DNK,2021-01-29,63460
Denmark,DNK,2021-01-30,76416
Denmark,DNK,2021-01-31,88693
Denmark,DNK,2021-02-01,96562
Denmark,DNK,2021-02-02,99585
Denmark,DNK,2021-02-03,105766
Denmark,DNK,2021-02-04,116684
Denmark,DNK,2021-02-05,130149
Denmark,DNK,2021-02-06,136907
Denmark,DNK,2021-02-07,140545
Denmark,DNK,2021-02-08,147595
Denmark,DNK,2021-02-09,152507
Denmark,DNK,2021-02-10,156424
Denmark,DNK,2021-02-11,158875
Denmark,DNK,2021-02-12,166482
Denmark,DNK,2021-02-13,167457
Denmark,DNK,2021-02-14,168088
Denmark,DNK,2021-02-15,171222
Denmark,DNK,2021-02-16,172549
Denmark,DNK,2021-02-17,172981
Denmark,DNK,2021-02-18,173283
Denmark,DNK,2021-02-19,174249
Denmark,DNK,2021-02-20,174826
Denmark,DNK,2021-02-21,175175
Denmark,DNK,2021-02-22,176257
Denmark,DNK,2021-02-23,178209
Denmark,DNK,2021-02-24,180179
Denmark,DNK,2021-02-25,180813
Denmark,DNK,2021-02-26,181806
Denmark,DNK,2021-02-27,183289
Denmark,DNK,2021-02-28,184729
Denmark,DNK,2021-03-01,185783
Denmark,DNK,2021-03-02,187081
Denmark,DNK,2021-03-03,188103
Denmark,DNK,2021-03-04,189917
Denmark,DNK,2021-03-05,195575
Denmark,DNK,2021-03-06,199584
Denmark,DNK,2021-03-07,203940
Denmark,DNK,2021-03-08,210387
Denmark,DNK,2021-03-09,217626
Denmark,DNK,2021-03-10,224911
Denmark,DNK,2021-03-11,232839
Denmark,DNK,2021-03-12,243389
Denmark,DNK,2021-03-13,249362
Denmark,DNK,2021-03-14,258786
Ecuador,ECU,2021-02-17,1962
Ecuador,ECU,2021-02-24,3708
Ecuador,ECU,2021-03-01,6228
Ecuador,ECU,2021-03-04,6228
Ecuador,ECU,2021-03-05,6228
Ecuador,ECU,2021-03-08,6228
Ecuador,ECU,2021-03-09,6228
Ecuador,ECU,2021-03-11,6228
Ecuador,ECU,2021-03-12,6228
Ecuador,ECU,2021-03-13,20137
England,,2021-01-03,20660
England,,2021-01-10,374613
England,,2021-01-11,393925
England,,2021-01-12,407294
England,,2021-01-13,415656
England,,2021-01-14,420510
England,,2021-01-15,424327
England,,2021-01-16,426102
England,,2021-01-17,427386
England,,2021-01-18,431136
England,,2021-01-19,434125
England,,2021-01-20,436848
England,,2021-01-21,439182
England,,2021-01-22,440300
England,,2021-01-23,441074
England,,2021-01-24,441684
England,,2021-01-25,443010
England,,2021-01-26,444011
England,,2021-01-27,445101
England,,2021-01-28,446372
England,,2021-01-29,447898
England,,2021-01-30,458150
England,,2021-01-31,460907
England,,2021-02-01,462503
England,,2021-02-02,463889
England,,2021-02-03,466171
England,,2021-02-04,468782
England,,2021-02-05,470723
England,,2021-02-06,471324
England,,2021-02-07,471636
England,,2021-02-08,473055
England,,2021-02-09,475228
England,,2021-02-10,479320
England,,2021-02-11,483966
England,,2021-02-12,487699
England,,2021-02-13,489885
England,,2021-02-14,490722
England,,2021-02-15,492576
England,,2021-02-16,495704
England,,2021-02-17,500201
England,,2021-02-18,504762
England,,2021-02-19,508657
England,,2021-02-20,511089
England,,2021-02-21,513435
England,,2021-02-22,518779
England,,2021-02-23,528360
England,,2021-02-24,542569
England,,2021-02-25,558737
England,,2021-02-26,574963
England,,2021-02-27,590547
England,,2021-02-28,599935
England,,2021-03-01,612567
England,,2021-03-02,640219
England,,2021-03-03,684220
England,,2021-03-04,729265
England,,2021-03-05,766500
England,,2021-03-06,788188
England,,2021-03-07,797321
England,,2021-03-08,821121
England,,2021-03-09,868272
England,,2021-03-10,939232
England,,2021-03-11,1008912
England,,2021-03-12,1076426
England,,2021-03-13,1115066
England,,2021-03-14,1129444
Estonia,EST,2021-01-28,6214
Estonia,EST,2021-01-29,7607
Estonia,EST,2021-01-30,9597
Estonia,EST,2021-01-31,10155
Estonia,EST,2021-02-01,10408
Estonia,EST,2021-02-02,11310
Estonia,EST,2021-02-03,12842
Estonia,EST,2021-02-04,14330
Estonia,EST,2021-02-05,15871
Estonia,EST,2021-02-06,17376
Estonia,EST,2021-02-07,17519
Estonia,EST,2021-02-08,17564
Estonia,EST,2021-02-10,19114
Estonia,EST,2021-02-11,20026
Estonia,EST,2021-02-12,21312
Estonia,EST,2021-02-13,22126
Estonia,EST,2021-02-14,22284
Estonia,EST,2021-02-15,22343
Estonia,EST,2021-02-16,22573
Estonia,EST,2021-02-17,23149
Estonia,EST,2021-02-18,23812
Estonia,EST,2021-02-19,24827
Estonia,EST,2021-02-20,25831
Estonia,EST,2021-02-21,26053
Estonia,EST,2021-02-22,26375
Estonia,EST,2021-02-23,27277
Estonia,EST,2021-02-24,28218
Estonia,EST,2021-02-25,28351
Estonia,EST,2021-02-27,33503
Estonia,EST,2021-03-01,34050
Estonia,EST,2021-03-02,35067
Estonia,EST,2021-03-04,39762
Estonia,EST,2021-03-05,42234
Estonia,EST,2021-03-07,43942
Estonia,EST,2021-03-09,44235
Estonia,EST,2021-03-10,45310
Estonia,EST,2021-03-11,47795
Estonia,EST,2021-03-13,52571
Estonia,EST,2021-03-14,52649
Estonia,EST,2021-03-15,52664
European Union,,2021-01-14,114
European Union,,2021-01-15,547
European Union,,2021-01-16,953
European Union,,2021-01-17,22960
European Union,,2021-01-18,62158
European Union,,2021-01-19,131295
European Union,,2021-01-20,234778
European Union,,2021-01-21,358380
European Union,,2021-01-22,442579
European Union,,2021-01-23,538705
European Union,,2021-01-24,638963
European Union,,2021-01-25,852362
European Union,,2021-01-26,1120392
European Union,,2021-01-27,1367127
European Union,,2021-01-28,1687381
European Union,,2021-01-29,1969417
European Union,,2021-01-30,2198185
European Union,,2021-01-31,2500791
European Union,,2021-02-01,2837366
European Union,,2021-02-02,3242400
European Union,,2021-02-03,3709611
European Union,,2021-02-04,4218326
European Union,,2021-02-05,4618268
European Union,,2021-02-06,4825639
European Union,,2021-02-07,5140108
European Union,,2021-02-08,5410234
European Union,,2021-02-09,5780390
European Union,,2021-02-10,6144561
European Union,,2021-02-11,6648781
European Union,,2021-02-12,7024932
European Union,,2021-02-13,7219319
European Union,,2021-02-14,7530327
European Union,,2021-02-15,7801002
European Union,,2021-02-16,8107476
European Union,,2021-02-17,8483339
European Union,,2021-02-18,8891055
European Union,,2021-02-19,9206807
European Union,,2021-02-20,9361017
European Union,,2021-02-21,9610538
European Union,,2021-02-22,9817858
European Union,,2021-02-23,10040127
European Union,,2021-02-24,10355990
European Union,,2021-02-25,10608723
European Union,,2021-02-26,10950865
European Union,,2021-02-27,11061869
European Union,,2021-02-28,11311041
European Union,,2021-03-01,11489545
European Union,,2021-03-02,11708361
European Union,,2021-03-03,12045815
European Union,,2021-03-04,12423663
European Union,,2021-03-05,12701009
European Union,,2021-03-06,12900535
European Union,,2021-03-07,13109300
European Union,,2021-03-08,13350533
European Union,,2021-03-09,13634735
European Union,,2021-03-10,13945186
European Union,,2021-03-11,14425901
European Union,,2021-03-12,14772939
European Union,,2021-03-13,14961238
European Union,,2021-03-14,15071356
European Union,,2021-03-15,15244453
Faeroe Islands,FRO,2021-01-29,1
Faeroe Islands,FRO,2021-02-06,606
Faeroe Islands,FRO,2021-02-08,685
Faeroe Islands,FRO,2021-02-10,1221
Faeroe Islands,FRO,2021-02-21,1515
Faeroe Islands,FRO,2021-02-23,2087
Faeroe Islands,FRO,2021-02-24,2523
Faeroe Islands,FRO,2021-03-03,2830
Faeroe Islands,FRO,2021-03-04,3156
Faeroe Islands,FRO,2021-03-05,3312
Faeroe Islands,FRO,2021-03-06,3674
Faeroe Islands,FRO,2021-03-08,3808
Faeroe Islands,FRO,2021-03-12,3931
Finland,FIN,2021-01-25,4553
Finland,FIN,2021-01-26,6960
Finland,FIN,2021-01-27,9355
Finland,FIN,2021-01-28,10540
Finland,FIN,2021-01-29,14239
Finland,FIN,2021-01-30,17757
Finland,FIN,2021-02-01,18203
Finland,FIN,2021-02-02,18203
Finland,FIN,2021-02-03,23421
Finland,FIN,2021-02-04,34293
Finland,FIN,2021-02-05,42667
Finland,FIN,2021-02-06,48650
Finland,FIN,2021-02-07,49781
Finland,FIN,2021-02-08,49995
Finland,FIN,2021-02-09,53869
Finland,FIN,2021-02-10,55770
Finland,FIN,2021-02-11,60152
Finland,FIN,2021-02-12,63802
Finland,FIN,2021-02-13,66832
Finland,FIN,2021-02-14,66959
Finland,FIN,2021-02-15,66992
Finland,FIN,2021-02-16,67463
Finland,FIN,2021-02-17,68631
Finland,FIN,2021-02-18,70127
Finland,FIN,2021-02-19,71486
Finland,FIN,2021-02-20,72859
Finland,FIN,2021-02-21,75940
Finland,FIN,2021-02-24,75099
Finland,FIN,2021-02-25,77302
Finland,FIN,2021-02-26,79724
Finland,FIN,2021-02-27,80927
Finland,FIN,2021-02-28,81125
Finland,FIN,2021-03-01,82062
Finland,FIN,2021-03-03,83183
Finland,FIN,2021-03-04,83642
Finland,FIN,2021-03-05,84222
Finland,FIN,2021-03-06,84809
Finland,FIN,2021-03-08,84810
Finland,FIN,2021-03-09,85014
Finland,FIN,2021-03-10,85258
Finland,FIN,2021-03-11,85421
Finland,FIN,2021-03-12,85826
Finland,FIN,2021-03-13,86280
Finland,FIN,2021-03-14,86307
Finland,FIN,2021-03-15,86311
France,FRA,2021-01-26,5412
France,FRA,2021-01-27,11739
France,FRA,2021-01-28,24201
France,FRA,2021-01-29,41318
France,FRA,2021-01-30,45468
France,FRA,2021-01-31,47137
France,FRA,2021-02-01,67993
France,FRA,2021-02-02,102297
France,FRA,2021-02-03,138956
France,FRA,2021-02-04,189524
France,FRA,2021-02-05,233274
France,FRA,2021-02-06,243550
France,FRA,2021-02-07,248614
France,FRA,2021-02-08,294120
France,FRA,2021-02-09,366002
France,FRA,2021-02-10,442260
France,FRA,2021-02-11,540713
France,FRA,2021-02-12,614496
France,FRA,2021-02-13,633771
France,FRA,2021-02-14,640875
France,FRA,2021-02-15,716887
France,FRA,2021-02-16,816990
France,FRA,2021-02-17,919370
France,FRA,2021-02-18,1037266
France,FRA,2021-02-19,1127419
France,FRA,2021-02-20,1155637
France,FRA,2021-02-21,1161983
France,FRA,2021-02-22,1234673
France,FRA,2021-02-23,1318292
France,FRA,2021-02-24,1398984
France,FRA,2021-02-25,1490083
France,FRA,2021-02-26,1560575
France,FRA,2021-02-27,1582433
France,FRA,2021-02-28,1586842
France,FRA,2021-03-01,1639282
France,FRA,2021-03-02,1705966
France,FRA,2021-03-03,1771246
France,FRA,2021-03-04,1839826
France,FRA,2021-03-05,1902812
France,FRA,2021-03-06,1920395
France,FRA,2021-03-07,1925812
France,FRA,2021-03-08,1976264
France,FRA,2021-03-09,2032791
France,FRA,2021-03-10,2089694
France,FRA,2021-03-11,2152380
France,FRA,2021-03-12,2205468
France,FRA,2021-03-13,2220608
France,FRA,2021-03-14,2223980
Germany,DEU,2021-01-14,114
Germany,DEU,2021-01-15,542
Germany,DEU,2021-01-16,939
Germany,DEU,2021-01-17,14551
Germany,DEU,2021-01-18,30923
Germany,DEU,2021-01-19,58152
Germany,DEU,2021-01-20,108808
Germany,DEU,2021-01-21,144243
Germany,DEU,2021-01-22,175531
Germany,DEU,2021-01-23,219481
Germany,DEU,2021-01-24,247570
Germany,DEU,2021-01-25,287308
Germany,DEU,2021-01-26,336919
Germany,DEU,2021-01-27,396205
Germany,DEU,2021-01-28,445219
Germany,DEU,2021-01-29,498978
Germany,DEU,2021-01-30,547566
Germany,DEU,2021-01-31,578946
Germany,DEU,2021-02-01,644808
Germany,DEU,2021-02-02,714557
Germany,DEU,2021-02-03,799212
Germany,DEU,2021-02-04,871852
Germany,DEU,2021-02-05,945559
Germany,DEU,2021-02-06,1000718
Germany,DEU,2021-02-07,1027235
Germany,DEU,2021-02-08,1078852
Germany,DEU,2021-02-09,1143933
Germany,DEU,2021-02-10,1218855
Germany,DEU,2021-02-11,1291295
Germany,DEU,2021-02-12,1369652
Germany,DEU,2021-02-13,1416296
Germany,DEU,2021-02-14,1443278
Germany,DEU,2021-02-15,1499299
Germany,DEU,2021-02-16,1554054
Germany,DEU,2021-02-17,1608700
Germany,DEU,2021-02-18,1660745
Germany,DEU,2021-02-19,1714242
Germany,DEU,2021-02-20,1751904
Germany,DEU,2021-02-21,1780843
Germany,DEU,2021-02-22,1833819
Germany,DEU,2021-02-23,1889459
Germany,DEU,2021-02-24,1947395
Germany,DEU,2021-02-25,1999759
Germany,DEU,2021-02-26,2058426
Germany,DEU,2021-02-27,2097189
Germany,DEU,2021-02-28,2125121
Germany,DEU,2021-03-01,2175376
Germany,DEU,2021-03-02,2231033
Germany,DEU,2021-03-03,2298222
Germany,DEU,2021-03-04,2359989
Germany,DEU,2021-03-05,2423175
Germany,DEU,2021-03-06,2470306
Germany,DEU,2021-03-07,2504572
Germany,DEU,2021-03-08,2557667
Germany,DEU,2021-03-09,2612629
Germany,DEU,2021-03-10,2679220
Germany,DEU,2021-03-11,2741389
Germany,DEU,2021-03-12,2809060
Germany,DEU,2021-03-13,2856854
Germany,DEU,2021-03-14,2891951
Gibraltar,GIB,2021-01-31,400
Gibraltar,GIB,2021-02-01,1325
Gibraltar,GIB,2021-02-02,2320
Gibraltar,GIB,2021-02-03,3011
Gibraltar,GIB,2021-02-04,3943
Gibraltar,GIB,2021-02-05,4876
Gibraltar,GIB,2021-02-06,5573
Gibraltar,GIB,2021-02-07,5573
Gibraltar,GIB,2021-02-08,6140
Gibraltar,GIB,2021-02-09,6719
Gibraltar,GIB,2021-02-10,6737
Gibraltar,GIB,2021-02-11,7667
Gibraltar,GIB,2021-02-12,8595
Gibraltar,GIB,2021-02-13,9522
Gibraltar,GIB,2021-02-14,10053
Gibraltar,GIB,2021-02-15,10244
Gibraltar,GIB,2021-02-16,10772
Gibraltar,GIB,2021-02-17,11303
Gibraltar,GIB,2021-02-18,12053
Gibraltar,GIB,2021-02-19,12573
Gibraltar,GIB,2021-02-20,12573
Gibraltar,GIB,2021-02-21,12606
Gibraltar,GIB,2021-02-22,12729
Gibraltar,GIB,2021-02-23,12846
Gibraltar,GIB,2021-02-24,12928
Gibraltar,GIB,2021-02-25,13009
Gibraltar,GIB,2021-02-26,13178
Gibraltar,GIB,2021-02-27,13290
Gibraltar,GIB,2021-02-28,13290
Gibraltar,GIB,2021-03-02,13704
Gibraltar,GIB,2021-03-03,14101
Gibraltar,GIB,2021-03-04,15023
Gibraltar,GIB,2021-03-05,15155
Gibraltar,GIB,2021-03-06,15403
Gibraltar,GIB,2021-03-07,15572
Gibraltar,GIB,2021-03-08,15572
Gibraltar,GIB,2021-03-09,15809
Gibraltar,GIB,2021-03-10,15962
Gibraltar,GIB,2021-03-11,15962
Gibraltar,GIB,2021-03-12,16517
Gibraltar,GIB,2021-03-13,16526
Gibraltar,GIB,2021-03-14,16526
Gibraltar,GIB,2021-03-15,17579
Greece,GRC,2021-01-16,2
Greece,GRC,2021-01-18,423
Greece,GRC,2021-01-19,1072
Greece,GRC,2021-01-20,1664
Greece,GRC,2021-01-21,2261
Greece,GRC,2021-01-22,2579
Greece,GRC,2021-01-23,3135
Greece,GRC,2021-01-25,8061
Greece,GRC,2021-01-26,13145
Greece,GRC,2021-01-27,17879
Greece,GRC,2021-01-28,23797
Greece,GRC,2021-01-29,32742
Greece,GRC,2021-01-30,38888
Greece,GRC,2021-02-01,46566
Greece,GRC,2021-02-02,54085
Greece,GRC,2021-02-03,62019
Greece,GRC,2021-02-04,68464
Greece,GRC,2021-02-05,73695
Greece,GRC,2021-02-06,79760
Greece,GRC,2021-02-08,84753
Greece,GRC,2021-02-09,92582
Greece,GRC,2021-02-10,106123
Greece,GRC,2021-02-11,121616
Greece,GRC,2021-02-12,139289
Greece,GRC,2021-02-13,154907
Greece,GRC,2021-02-15,168696
Greece,GRC,2021-02-16,177926
Greece,GRC,2021-02-17,190697
Greece,GRC,2021-02-18,203913
Greece,GRC,2021-02-19,215274
Greece,GRC,2021-02-20,227594
Greece,GRC,2021-02-21,229589
Greece,GRC,2021-02-22,243590
Greece,GRC,2021-02-23,257476
Greece,GRC,2021-02-24,271837
Greece,GRC,2021-02-25,286331
Greece,GRC,2021-02-26,300926
Greece,GRC,2021-02-27,313647
Greece,GRC,2021-03-01,327136
Greece,GRC,2021-03-02,339402
Greece,GRC,2021-03-03,348191
Greece,GRC,2021-03-04,355559
Greece,GRC,2021-03-05,361428
Greece,GRC,2021-03-06,366361
Greece,GRC,2021-03-08,372424
Greece,GRC,2021-03-09,377850
Greece,GRC,2021-03-10,383443
Greece,GRC,2021-03-11,390632
Greece,GRC,2021-03-12,398936
Greece,GRC,2021-03-13,406070
Greece,GRC,2021-03-15,407793
Greenland,GRL,2021-03-01,1203
Guernsey,GGY,2021-01-24,522
Guernsey,GGY,2021-02-07,3090
Guernsey,GGY,2021-02-14,5334
Guernsey,GGY,2021-03-12,7883
Hungary,HUN,2021-01-18,1643
Hungary,HUN,2021-01-19,2939
Hungary,HUN,2021-01-20,4030
Hungary,HUN,2021-01-21,5815
Hungary,HUN,2021-01-22,6944
Hungary,HUN,2021-01-23,8135
Hungary,HUN,2021-01-24,9403
Hungary,HUN,2021-01-25,12639
Hungary,HUN,2021-01-26,17772
Hungary,HUN,2021-01-27,26293
Hungary,HUN,2021-01-28,37727
Hungary,HUN,2021-01-29,49606
Hungary,HUN,2021-01-30,56825
Hungary,HUN,2021-01-31,61266
Hungary,HUN,2021-02-01,68526
Hungary,HUN,2021-02-02,75036
Hungary,HUN,2021-02-03,84452
Hungary,HUN,2021-02-04,92773
Hungary,HUN,2021-02-05,101652
Hungary,HUN,2021-02-06,105242
Hungary,HUN,2021-02-07,107592
Hungary,HUN,2021-02-08,110395
Hungary,HUN,2021-02-09,113570
Hungary,HUN,2021-02-10,117368
Hungary,HUN,2021-02-11,120649
Hungary,HUN,2021-02-12,124423
Hungary,HUN,2021-02-13,128195
Hungary,HUN,2021-02-14,129339
Hungary,HUN,2021-02-15,131593
Hungary,HUN,2021-02-16,134824
Hungary,HUN,2021-02-17,141023
Hungary,HUN,2021-02-18,152432
Hungary,HUN,2021-02-19,172739
Hungary,HUN,2021-02-20,190705
Hungary,HUN,2021-02-21,201005
Hungary,HUN,2021-02-22,205720
Hungary,HUN,2021-02-23,208846
Hungary,HUN,2021-02-24,211073
Hungary,HUN,2021-02-25,240622
Hungary,HUN,2021-02-26,244407
Hungary,HUN,2021-02-27,249499
Hungary,HUN,2021-02-28,251691
Hungary,HUN,2021-03-01,252847
Hungary,HUN,2021-03-02,253368
Hungary,HUN,2021-03-03,267153
Hungary,HUN,2021-03-04,279727
Hungary,HUN,2021-03-05,304880
Hungary,HUN,2021-03-06,307573
Hungary,HUN,2021-03-07,307929
Hungary,HUN,2021-03-08,314485
Hungary,HUN,2021-03-09,317906
Hungary,HUN,2021-03-10,327428
Hungary,HUN,2021-03-11,351694
Hungary,HUN,2021-03-12,377343
Hungary,HUN,2021-03-13,392703
Hungary,HUN,2021-03-14,398962
Hungary,HUN,2021-03-15,399505
Iceland,ISL,2021-01-20,480
Iceland,ISL,2021-01-25,4787
Iceland,ISL,2021-01-27,4820
Iceland,ISL,2021-02-03,4853
Iceland,ISL,2021-02-05,4855
Iceland,ISL,2021-02-08,4856
Iceland,ISL,2021-02-12,5538
Iceland,ISL,2021-02-15,5757
Iceland,ISL,2021-02-16,5944
Iceland,ISL,2021-02-17,7381
Iceland,ISL,2021-02-18,9658
Iceland,ISL,2021-02-19,10074
Iceland,ISL,2021-02-22,10530
Iceland,ISL,2021-02-23,10554
Iceland,ISL,2021-02-25,12376
Iceland,ISL,2021-02-26,12564
Iceland,ISL,2021-03-01,12600
Iceland,ISL,2021-03-02,12644
Iceland,ISL,2021-03-04,12707
Iceland,ISL,2021-03-05,12708
Iceland,ISL,2021-03-08,12710
Iceland,ISL,2021-03-11,12763
Iceland,ISL,2021-03-12,12844
Iceland,ISL,2021-03-15,12888
India,IND,2021-02-13,7668
India,IND,2021-02-15,98118
India,IND,2021-02-16,216339
India,IND,2021-02-17,342116
India,IND,2021-02-18,464932
India,IND,2021-02-19,756942
India,IND,2021-02-20,873940
India,IND,2021-02-21,960642
India,IND,2021-02-22,1115542
India,IND,2021-02-23,1321635
India,IND,2021-02-24,1481754
India,IND,2021-02-25,1860859
India,IND,2021-02-26,2204083
India,IND,2021-02-27,2453878
India,IND,2021-02-28,2456191
India,IND,2021-03-01,2597799
India,IND,2021-03-02,2713978
India,IND,2021-03-03,2876927
India,IND,2021-03-04,3208668
India,IND,2021-03-05,3501021
India,IND,2021-03-06,3754041
India,IND,2021-03-07,3761107
India,IND,2021-03-08,4065450
India,IND,2021-03-09,4363679
India,IND,2021-03-10,4650530
India,IND,2021-03-11,4729079
India,IND,2021-03-12,5142953
India,IND,2021-03-13,5430774
India,IND,2021-03-14,5455653
India,IND,2021-03-15,5867948
Indonesia,IDN,2021-01-28,5468
Indonesia,IDN,2021-01-29,11287
Indonesia,IDN,2021-01-30,20810
Indonesia,IDN,2021-01-31,22548
Indonesia,IDN,2021-02-01,35406
Indonesia,IDN,2021-02-02,51999
Indonesia,IDN,2021-02-03,71621
Indonesia,IDN,2021-02-04,96553
Indonesia,IDN,2021-02-05,120725
Indonesia,IDN,2021-02-06,137207
Indonesia,IDN,2021-02-07,139131
Indonesia,IDN,2021-02-08,171270
Indonesia,IDN,2021-02-09,221453
Indonesia,IDN,2021-02-10,279251
Indonesia,IDN,2021-02-11,345605
Indonesia,IDN,2021-02-13,415486
Indonesia,IDN,2021-02-14,425578
Indonesia,IDN,2021-02-15,482625
Indonesia,IDN,2021-02-16,537147
Indonesia,IDN,2021-02-17,597328
Indonesia,IDN,2021-02-18,623832
Indonesia,IDN,2021-02-20,732634
Indonesia,IDN,2021-02-23,789966
Indonesia,IDN,2021-02-24,825650
Indonesia,IDN,2021-02-25,853745
Indonesia,IDN,2021-02-26,865870
Indonesia,IDN,2021-02-27,982370
Indonesia,IDN,2021-02-28,998439
Indonesia,IDN,2021-03-01,1062173
Indonesia,IDN,2021-03-02,1055291
Indonesia,IDN,2021-03-03,1100228
Indonesia,IDN,2021-03-05,1114537
Indonesia,IDN,2021-03-07,1133787
Indonesia,IDN,2021-03-10,1262878
Indonesia,IDN,2021-03-11,1295615
Indonesia,IDN,2021-03-12,1339362
Indonesia,IDN,2021-03-13,1454836
Indonesia,IDN,2021-03-14,1460222
Indonesia,IDN,2021-03-15,1572786
Ireland,IRL,2021-01-27,13800
Ireland,IRL,2021-01-31,49300
Ireland,IRL,2021-02-05,79554
Ireland,IRL,2021-02-07,86833
Ireland,IRL,2021-02-08,88453
Ireland,IRL,2021-02-09,89380
Ireland,IRL,2021-02-10,89818
Ireland,IRL,2021-02-11,89834
Ireland,IRL,2021-02-12,89999
Ireland,IRL,2021-02-13,91625
Ireland,IRL,2021-02-14,91750
Ireland,IRL,2021-02-15,98388
Ireland,IRL,2021-02-16,105859
Ireland,IRL,2021-02-17,113291
Ireland,IRL,2021-02-18,120520
Ireland,IRL,2021-02-19,126320
Ireland,IRL,2021-02-20,130423
Ireland,IRL,2021-02-21,131898
Ireland,IRL,2021-02-22,133325
Ireland,IRL,2021-02-23,134439
Ireland,IRL,2021-02-24,136407
Ireland,IRL,2021-02-25,137935
Ireland,IRL,2021-02-26,140290
Ireland,IRL,2021-02-27,141345
Ireland,IRL,2021-02-28,141883
Ireland,IRL,2021-03-01,142924
Ireland,IRL,2021-03-02,144581
Ireland,IRL,2021-03-04,147617
Ireland,IRL,2021-03-05,149721
Ireland,IRL,2021-03-06,149920
Ireland,IRL,2021-03-07,150247
Ireland,IRL,2021-03-08,154089
Ireland,IRL,2021-03-09,157072
Ireland,IRL,2021-03-10,160729
Ireland,IRL,2021-03-11,162693
Ireland,IRL,2021-03-12,163812
Isle of Man,IMN,2021-01-25,312
Isle of Man,IMN,2021-01-26,639
Isle of Man,IMN,2021-01-27,1037
Isle of Man,IMN,2021-01-28,1038
Isle of Man,IMN,2021-01-29,1030
Isle of Man,IMN,2021-02-02,1419
Isle of Man,IMN,2021-02-03,2176
Isle of Man,IMN,2021-02-04,2183
Isle of Man,IMN,2021-02-05,2183
Isle of Man,IMN,2021-02-06,2183
Isle of Man,IMN,2021-02-07,2184
Isle of Man,IMN,2021-02-08,2188
Isle of Man,IMN,2021-02-09,2557
Isle of Man,IMN,2021-02-10,2956
Isle of Man,IMN,2021-02-11,3328
Isle of Man,IMN,2021-02-12,3328
Isle of Man,IMN,2021-02-13,3327
Isle of Man,IMN,2021-02-14,3328
Isle of Man,IMN,2021-02-16,3594
Isle of Man,IMN,2021-02-17,3857
Isle of Man,IMN,2021-02-18,4110
Isle of Man,IMN,2021-02-19,4683
Isle of Man,IMN,2021-02-20,4712
Isle of Man,IMN,2021-02-21,4733
Isle of Man,IMN,2021-02-22,4732
Isle of Man,IMN,2021-02-23,4964
Isle of Man,IMN,2021-02-24,5201
Isle of Man,IMN,2021-02-25,5509
Isle of Man,IMN,2021-02-26,6284
Isle of Man,IMN,2021-02-27,6948
Isle of Man,IMN,2021-02-28,7329
Isle of Man,IMN,2021-03-01,7682
Isle of Man,IMN,2021-03-02,7701
Isle of Man,IMN,2021-03-03,7710
Isle of Man,IMN,2021-03-04,7711
Isle of Man,IMN,2021-03-05,8091
Isle of Man,IMN,2021-03-06,8485
Isle of Man,IMN,2021-03-07,8966
Isle of Man,IMN,2021-03-08,9253
Isle of Man,IMN,2021-03-09,9262
Isle of Man,IMN,2021-03-10,9283
Isle of Man,IMN,2021-03-11,9293
Isle of Man,IMN,2021-03-12,9909
Isle of Man,IMN,2021-03-13,11100
Isle of Man,IMN,2021-03-14,11337
Isle of Man,IMN,2021-03-15,11337
Israel,ISR,2021-01-04,2
Israel,ISR,2021-01-05,2
Israel,ISR,2021-01-06,2
Israel,ISR,2021-01-07,5
Israel,ISR,2021-01-08,8
Israel,ISR,2021-01-09,30
Israel,ISR,2021-01-10,6013
Israel,ISR,2021-01-11,25252
Israel,ISR,2021-01-12,60915
Israel,ISR,2021-01-13,117852
Israel,ISR,2021-01-14,186781
Israel,ISR,2021-01-15,222919
Israel,ISR,2021-01-16,249125
Israel,ISR,2021-01-17,333738
Israel,ISR,2021-01-18,453831
Israel,ISR,2021-01-19,591243
Israel,ISR,2021-01-20,734527
Israel,ISR,2021-01-21,898297
Israel,ISR,2021-01-22,969152
Israel,ISR,2021-01-23,1022596
Israel,ISR,2021-01-24,1162832
Israel,ISR,2021-01-25,1301886
Israel,ISR,2021-01-26,1427833
Israel,ISR,2021-01-27,1552409
Israel,ISR,2021-01-28,1682572
Israel,ISR,2021-01-29,1747130
Israel,ISR,2021-01-30,1789773
Israel,ISR,2021-01-31,1849053
Israel,ISR,2021-02-01,1884246
Israel,ISR,2021-02-02,1915138
Israel,ISR,2021-02-03,1966321
Israel,ISR,2021-02-04,2024154
Israel,ISR,2021-02-05,2052782
Israel,ISR,2021-02-06,2074900
Israel,ISR,2021-02-07,2143337
Israel,ISR,2021-02-08,2208433
Israel,ISR,2021-02-09,2275617
Israel,ISR,2021-02-10,2347472
Israel,ISR,2021-02-11,2418937
Israel,ISR,2021-02-12,2456315
Israel,ISR,2021-02-13,2486630
Israel,ISR,2021-02-14,2555407
Israel,ISR,2021-02-15,2630780
Israel,ISR,2021-02-16,2708712
Israel,ISR,2021-02-17,2783930
Israel,ISR,2021-02-18,2863221
Israel,ISR,2021-02-19,2901161
Israel,ISR,2021-02-20,2929700
Israel,ISR,2021-02-21,3007925
Israel,ISR,2021-02-22,3087966
Israel,ISR,2021-02-23,3157935
Israel,ISR,2021-02-24,3220576
Israel,ISR,2021-02-25,3284845
Israel,ISR,2021-02-26,3315841
Israel,ISR,2021-02-27,3336295
Israel,ISR,2021-02-28,3391114
Israel,ISR,2021-03-01,3452264
Israel,ISR,2021-03-02,3516596
Israel,ISR,2021-03-03,3582832
Israel,ISR,2021-03-04,3659383
Israel,ISR,2021-03-05,3699644
Israel,ISR,2021-03-06,3724869
Israel,ISR,2021-03-07,3797357
Israel,ISR,2021-03-08,3870086
Israel,ISR,2021-03-09,3946389
Israel,ISR,2021-03-10,4004757
Israel,ISR,2021-03-11,4073447
Israel,ISR,2021-03-12,4114657
Israel,ISR,2021-03-13,4139783
Israel,ISR,2021-03-14,4213368
Israel,ISR,2021-03-15,4291116
Italy,ITA,2021-01-17,2902
Italy,ITA,2021-01-18,7801
Italy,ITA,2021-01-19,9497
Italy,ITA,2021-01-20,13997
Italy,ITA,2021-01-21,33530
Italy,ITA,2021-01-22,47433
Italy,ITA,2021-01-23,80121
Italy,ITA,2021-01-24,110725
Italy,ITA,2021-01-25,174806
Italy,ITA,2021-01-26,250379
Italy,ITA,2021-01-27,314893
Italy,ITA,2021-01-28,403506
Italy,ITA,2021-01-29,496219
Italy,ITA,2021-01-30,582082
Italy,ITA,2021-01-31,638866
Italy,ITA,2021-02-01,719783
Italy,ITA,2021-02-02,801044
Italy,ITA,2021-02-03,890685
Italy,ITA,2021-02-04,983780
Italy,ITA,2021-02-05,1071825
Italy,ITA,2021-02-06,1133233
Italy,ITA,2021-02-07,1164983
Italy,ITA,2021-02-08,1204131
Italy,ITA,2021-02-09,1235538
Italy,ITA,2021-02-10,1262574
Italy,ITA,2021-02-11,1281469
Italy,ITA,2021-02-12,1295985
Italy,ITA,2021-02-13,1302244
Italy,ITA,2021-02-14,1304519
Italy,ITA,2021-02-15,1310104
Italy,ITA,2021-02-16,1315847
Italy,ITA,2021-02-17,1324830
Italy,ITA,2021-02-18,1332276
Italy,ITA,2021-02-19,1338268
Italy,ITA,2021-02-20,1342195
Italy,ITA,2021-02-21,1344224
Italy,ITA,2021-02-22,1349431
Italy,ITA,2021-02-23,1354488
Italy,ITA,2021-02-24,1362247
Italy,ITA,2021-02-25,1373944
Italy,ITA,2021-02-26,1388312
Italy,ITA,2021-02-27,1399899
Italy,ITA,2021-02-28,1408023
Italy,ITA,2021-03-01,1432286
Italy,ITA,2021-03-02,1462517
Italy,ITA,2021-03-03,1503957
Italy,ITA,2021-03-04,1550372
Italy,ITA,2021-03-05,1601841
Italy,ITA,2021-03-06,1640503
Italy,ITA,2021-03-07,1660444
Italy,ITA,2021-03-08,1707294
Italy,ITA,2021-03-09,1755954
Italy,ITA,2021-03-10,1809781
Italy,ITA,2021-03-11,1867136
Italy,ITA,2021-03-12,1926224
Italy,ITA,2021-03-13,1973251
Italy,ITA,2021-03-14,2005814
Italy,ITA,2021-03-15,2054625
Japan,JPN,2021-03-10,35
Japan,JPN,2021-03-11,443
Japan,JPN,2021-03-12,3348
Japan,JPN,2021-03-15,7877
Jersey,JEY,2021-01-24,3051
Jersey,JEY,2021-01-31,3131
Jersey,JEY,2021-02-07,3178
Jersey,JEY,2021-02-14,3256
Jersey,JEY,2021-02-21,3287
Jersey,JEY,2021-02-28,3320
Jersey,JEY,2021-03-07,3379
Jersey,JEY,2021-03-10,4158
Jordan,JOR,2021-02-22,30000
Jordan,JOR,2021-03-15,48379
Kazakhstan,KAZ,2021-02-24,2137
Kazakhstan,KAZ,2021-03-15,18807
Kuwait,KWT,2021-02-15,38000
Kuwait,KWT,2021-03-08,38000
Latvia,LVA,2021-01-18,571
Latvia,LVA,2021-01-19,1375
Latvia,LVA,2021-01-20,2126
Latvia,LVA,2021-01-21,2139
Latvia,LVA,2021-01-22,2156
Latvia,LVA,2021-01-25,2804
Latvia,LVA,2021-01-26,3622
Latvia,LVA,2021-01-27,4359
Latvia,LVA,2021-01-28,5109
Latvia,LVA,2021-01-29,6019
Latvia,LVA,2021-01-30,6323
Latvia,LVA,2021-01-31,6657
Latvia,LVA,2021-02-01,7831
Latvia,LVA,2021-02-02,9504
Latvia,LVA,2021-02-03,10883
Latvia,LVA,2021-02-04,12246
Latvia,LVA,2021-02-05,13751
Latvia,LVA,2021-02-06,14308
Latvia,LVA,2021-02-07,14431
Latvia,LVA,2021-02-08,14586
Latvia,LVA,2021-02-09,14629
Latvia,LVA,2021-02-10,14826
Latvia,LVA,2021-02-11,15506
Latvia,LVA,2021-02-12,16059
Latvia,LVA,2021-02-13,16236
Latvia,LVA,2021-02-14,16256
Latvia,LVA,2021-02-15,16410
Latvia,LVA,2021-02-16,16486
Latvia,LVA,2021-02-17,16665
Latvia,LVA,2021-02-18,16718
Latvia,LVA,2021-02-19,16774
Latvia,LVA,2021-02-20,16792
Latvia,LVA,2021-02-22,16823
Latvia,LVA,2021-02-23,16852
Latvia,LVA,2021-02-24,16884
Latvia,LVA,2021-02-25,16926
Latvia,LVA,2021-02-26,17014
Latvia,LVA,2021-02-27,17023
Latvia,LVA,2021-02-28,17024
Latvia,LVA,2021-03-01,17250
Latvia,LVA,2021-03-02,17552
Latvia,LVA,2021-03-03,17739
Latvia,LVA,2021-03-04,17858
Latvia,LVA,2021-03-05,17995
Latvia,LVA,2021-03-06,17998
Latvia,LVA,2021-03-07,18001
Latvia,LVA,2021-03-08,18037
Latvia,LVA,2021-03-09,18062
Latvia,LVA,2021-03-10,18095
Latvia,LVA,2021-03-11,18105
Latvia,LVA,2021-03-12,18113
Latvia,LVA,2021-03-13,18114
Latvia,LVA,2021-03-15,18177
Lebanon,LBN,2021-03-10,11875
Lebanon,LBN,2021-03-11,15084
Lebanon,LBN,2021-03-12,17711
Lebanon,LBN,2021-03-15,22923
Lithuania,LTU,2021-01-17,1089
Lithuania,LTU,2021-01-18,2762
Lithuania,LTU,2021-01-19,6676
Lithuania,LTU,2021-01-20,8509
Lithuania,LTU,2021-01-21,9147
Lithuania,LTU,2021-01-22,9217
Lithuania,LTU,2021-01-23,9217
Lithuania,LTU,2021-01-25,9217
Lithuania,LTU,2021-01-26,9847
Lithuania,LTU,2021-01-27,12904
Lithuania,LTU,2021-01-28,16590
Lithuania,LTU,2021-01-29,21656
Lithuania,LTU,2021-01-30,22089
Lithuania,LTU,2021-01-31,22089
Lithuania,LTU,2021-02-01,23920
Lithuania,LTU,2021-02-02,26127
Lithuania,LTU,2021-02-03,31287
Lithuania,LTU,2021-02-04,39591
Lithuania,LTU,2021-02-05,45887
Lithuania,LTU,2021-02-06,46544
Lithuania,LTU,2021-02-07,46639
Lithuania,LTU,2021-02-08,49067
Lithuania,LTU,2021-02-09,50839
Lithuania,LTU,2021-02-10,52470
Lithuania,LTU,2021-02-11,53775
Lithuania,LTU,2021-02-12,54751
Lithuania,LTU,2021-02-13,54751
Lithuania,LTU,2021-02-15,55444
Lithuania,LTU,2021-02-16,55654
Lithuania,LTU,2021-02-17,59528
Lithuania,LTU,2021-02-18,64342
Lithuania,LTU,2021-02-19,67654
Lithuania,LTU,2021-02-20,67716
Lithuania,LTU,2021-02-22,69290
Lithuania,LTU,2021-02-23,70395
Lithuania,LTU,2021-02-24,71318
Lithuania,LTU,2021-02-25,72259
Lithuania,LTU,2021-02-26,73294
Lithuania,LTU,2021-02-27,73325
Lithuania,LTU,2021-02-28,73325
Lithuania,LTU,2021-03-01,73471
Lithuania,LTU,2021-03-02,74066
Lithuania,LTU,2021-03-03,76262
Lithuania,LTU,2021-03-04,81259
Lithuania,LTU,2021-03-05,85878
Lithuania,LTU,2021-03-06,86020
Lithuania,LTU,2021-03-07,86021
Lithuania,LTU,2021-03-08,86981
Lithuania,LTU,2021-03-09,88347
Lithuania,LTU,2021-03-10,90901
Lithuania,LTU,2021-03-11,91576
Lithuania,LTU,2021-03-12,98547
Lithuania,LTU,2021-03-13,99261
Lithuania,LTU,2021-03-14,99261
Lithuania,LTU,2021-03-15,100185
Luxembourg,LUX,2021-01-25,1245
Luxembourg,LUX,2021-01-26,1245
Luxembourg,LUX,2021-01-27,1342
Luxembourg,LUX,2021-01-28,1483
Luxembourg,LUX,2021-01-31,1680
Luxembourg,LUX,2021-02-01,1905
Luxembourg,LUX,2021-02-02,2327
Luxembourg,LUX,2021-02-03,2810
Luxembourg,LUX,2021-02-04,3163
Luxembourg,LUX,2021-02-07,3688
Luxembourg,LUX,2021-02-08,4050
Luxembourg,LUX,2021-02-09,4426
Luxembourg,LUX,2021-02-10,4871
Luxembourg,LUX,2021-02-11,5259
Luxembourg,LUX,2021-02-14,5638
Luxembourg,LUX,2021-02-15,5969
Luxembourg,LUX,2021-02-16,6296
Luxembourg,LUX,2021-02-17,6514
Luxembourg,LUX,2021-02-18,7080
Luxembourg,LUX,2021-02-21,7726
Luxembourg,LUX,2021-02-22,8241
Luxembourg,LUX,2021-02-23,8862
Luxembourg,LUX,2021-02-24,9475
Luxembourg,LUX,2021-02-25,9982
Luxembourg,LUX,2021-02-28,10700
Luxembourg,LUX,2021-03-01,11466
Luxembourg,LUX,2021-03-02,11984
Luxembourg,LUX,2021-03-03,12717
Luxembourg,LUX,2021-03-04,13448
Luxembourg,LUX,2021-03-07,14118
Luxembourg,LUX,2021-03-08,14277
Luxembourg,LUX,2021-03-09,14431
Luxembourg,LUX,2021-03-10,14764
Luxembourg,LUX,2021-03-11,15307
Luxembourg,LUX,2021-03-14,15569
Malta,MLT,2021-01-24,1198
Malta,MLT,2021-01-25,1463
Malta,MLT,2021-01-26,1694
Malta,MLT,2021-01-27,2095
Malta,MLT,2021-01-28,2518
Malta,MLT,2021-01-29,2969
Malta,MLT,2021-01-30,3456
Malta,MLT,2021-01-31,3948
Malta,MLT,2021-02-01,4476
Malta,MLT,2021-02-02,4891
Malta,MLT,2021-02-03,5410
Malta,MLT,2021-02-04,6457
Malta,MLT,2021-02-05,7594
Malta,MLT,2021-02-06,8749
Malta,MLT,2021-02-07,9918
Malta,MLT,2021-02-08,11050
Malta,MLT,2021-02-09,12135
Malta,MLT,2021-02-10,12928
Malta,MLT,2021-02-11,13820
Malta,MLT,2021-02-12,14739
Malta,MLT,2021-02-13,15601
Malta,MLT,2021-02-14,16265
Malta,MLT,2021-02-15,17102
Malta,MLT,2021-02-16,17843
Malta,MLT,2021-02-17,18536
Malta,MLT,2021-02-18,19199
Malta,MLT,2021-02-19,19828
Malta,MLT,2021-02-20,20189
Malta,MLT,2021-02-21,20531
Malta,MLT,2021-02-22,21160
Malta,MLT,2021-02-23,21767
Malta,MLT,2021-02-24,22501
Malta,MLT,2021-02-25,23395
Malta,MLT,2021-02-26,25118
Malta,MLT,2021-02-27,26781
Malta,MLT,2021-02-28,28048
Malta,MLT,2021-03-01,29021
Malta,MLT,2021-03-02,29748
Malta,MLT,2021-03-03,30329
Malta,MLT,2021-03-04,31034
Malta,MLT,2021-03-05,31710
Malta,MLT,2021-03-06,32420
Malta,MLT,2021-03-07,32862
Malta,MLT,2021-03-08,34181
Malta,MLT,2021-03-09,35093
Malta,MLT,2021-03-10,36246
Malta,MLT,2021-03-11,37182
Malta,MLT,2021-03-12,38333
Malta,MLT,2021-03-13,39099
Malta,MLT,2021-03-14,39695
Mexico,MEX,2021-01-15,1958
Mexico,MEX,2021-01-16,2221
Mexico,MEX,2021-01-17,3434
Mexico,MEX,2021-01-18,6546
Mexico,MEX,2021-01-19,9609
Mexico,MEX,2021-01-20,11402
Mexico,MEX,2021-01-21,18018
Mexico,MEX,2021-01-22,20083
Mexico,MEX,2021-01-23,22472
Mexico,MEX,2021-01-24,25185
Mexico,MEX,2021-01-25,28715
Mexico,MEX,2021-01-26,31314
Mexico,MEX,2021-01-27,31314
Mexico,MEX,2021-01-28,31314
Mexico,MEX,2021-01-29,31397
Mexico,MEX,2021-01-30,39009
Mexico,MEX,2021-01-31,41842
Mexico,MEX,2021-02-01,43455
Mexico,MEX,2021-02-02,45748
Mexico,MEX,2021-02-03,54162
Mexico,MEX,2021-02-04,60742
Mexico,MEX,2021-02-05,64246
Mexico,MEX,2021-02-06,73100
Mexico,MEX,2021-02-07,75836
Mexico,MEX,2021-02-08,79429
Mexico,MEX,2021-02-09,84218
Mexico,MEX,2021-02-10,84592
Mexico,MEX,2021-02-11,85332
Mexico,MEX,2021-02-12,85887
Mexico,MEX,2021-02-13,86188
Mexico,MEX,2021-02-15,86198
Mexico,MEX,2021-02-16,86198
Mexico,MEX,2021-02-17,99666
Mexico,MEX,2021-02-19,418931
Mexico,MEX,2021-02-20,445418
Mexico,MEX,2021-02-21,453055
Mexico,MEX,2021-02-22,456217
Mexico,MEX,2021-02-23,464302
Mexico,MEX,2021-02-24,475389
Mexico,MEX,2021-02-25,526412
Mexico,MEX,2021-02-26,562311
Mexico,MEX,2021-02-27,565377
Mexico,MEX,2021-02-28,565423
Mexico,MEX,2021-03-01,567338
Mexico,MEX,2021-03-02,570582
Mexico,MEX,2021-03-03,589639
Mexico,MEX,2021-03-05,603134
Mexico,MEX,2021-03-06,603447
Mexico,MEX,2021-03-08,604339
Mexico,MEX,2021-03-09,605801
Mexico,MEX,2021-03-10,606000
Mexico,MEX,2021-03-12,609460
Mexico,MEX,2021-03-13,609874
Mexico,MEX,2021-03-14,609881
Mexico,MEX,2021-03-15,609889
Morocco,MAR,2021-02-19,4867
Morocco,MAR,2021-02-20,13476
Morocco,MAR,2021-02-22,23667
Morocco,MAR,2021-02-23,31232
Morocco,MAR,2021-02-24,37310
Morocco,MAR,2021-02-25,43626
Morocco,MAR,2021-02-26,96437
Morocco,MAR,2021-02-27,161906
Morocco,MAR,2021-03-01,232980
Morocco,MAR,2021-03-02,293857
Morocco,MAR,2021-03-03,360689
Morocco,MAR,2021-03-04,413032
Morocco,MAR,2021-03-05,499942
Morocco,MAR,2021-03-06,578942
Morocco,MAR,2021-03-08,651351
Morocco,MAR,2021-03-09,717113
Morocco,MAR,2021-03-10,854274
Morocco,MAR,2021-03-11,972079
Morocco,MAR,2021-03-12,1224959
Morocco,MAR,2021-03-13,1471738
Morocco,MAR,2021-03-15,1767472
Netherlands,NLD,2021-01-31,15692
Netherlands,NLD,2021-02-07,66409
Netherlands,NLD,2021-02-14,154445
Netherlands,NLD,2021-02-21,218713
Netherlands,NLD,2021-02-28,331671
Netherlands,NLD,2021-03-07,411935
Northern Ireland,,2021-01-03,1271
Northern Ireland,,2021-01-10,13949
Northern Ireland,,2021-01-11,15288
Northern Ireland,,2021-01-12,17840
Northern Ireland,,2021-01-13,19010
Northern Ireland,,2021-01-14,19264
Northern Ireland,,2021-01-15,19474
Northern Ireland,,2021-01-16,20174
Northern Ireland,,2021-01-17,21016
Northern Ireland,,2021-01-18,21579
Northern Ireland,,2021-01-19,21960
Northern Ireland,,2021-01-20,22326
Northern Ireland,,2021-01-21,22510
Northern Ireland,,2021-01-22,22660
Northern Ireland,,2021-01-23,22687
Northern Ireland,,2021-01-24,22713
Northern Ireland,,2021-01-25,22795
Northern Ireland,,2021-01-26,22910
Northern Ireland,,2021-01-27,23927
Northern Ireland,,2021-01-28,24070
Northern Ireland,,2021-01-29,24146
Northern Ireland,,2021-01-30,24323
Northern Ireland,,2021-01-31,24612
Northern Ireland,,2021-02-01,24882
Northern Ireland,,2021-02-02,25155
Northern Ireland,,2021-02-03,25539
Northern Ireland,,2021-02-04,26047
Northern Ireland,,2021-02-05,26531
Northern Ireland,,2021-02-06,27207
Northern Ireland,,2021-02-07,27463
Northern Ireland,,2021-02-08,27589
Northern Ireland,,2021-02-09,27772
Northern Ireland,,2021-02-10,28137
Northern Ireland,,2021-02-11,28552
Northern Ireland,,2021-02-12,28937
Northern Ireland,,2021-02-13,28976
Northern Ireland,,2021-02-14,29005
Northern Ireland,,2021-02-15,29201
Northern Ireland,,2021-02-16,29476
Northern Ireland,,2021-02-17,30012
Northern Ireland,,2021-02-18,30381
Northern Ireland,,2021-02-19,30753
Northern Ireland,,2021-02-20,30807
Northern Ireland,,2021-02-21,30796
Northern Ireland,,2021-02-22,31077
Northern Ireland,,2021-02-23,31345
Northern Ireland,,2021-02-24,31637
Northern Ireland,,2021-02-25,31898
Northern Ireland,,2021-02-26,32616
Northern Ireland,,2021-02-27,32665
Northern Ireland,,2021-02-28,33197
Northern Ireland,,2021-03-01,35370
Northern Ireland,,2021-03-02,37862
Northern Ireland,,2021-03-03,40139
Northern Ireland,,2021-03-04,41787
Northern Ireland,,2021-03-05,42096
Northern Ireland,,2021-03-06,42230
Northern Ireland,,2021-03-07,42851
Northern Ireland,,2021-03-08,44594
Northern Ireland,,2021-03-09,46927
Northern Ireland,,2021-03-10,48948
Northern Ireland,,2021-03-11,49400
Northern Ireland,,2021-03-12,50052
Northern Ireland,,2021-03-13,52407
Northern Ireland,,2021-03-14,54636
Norway,NOR,2021-01-17,5
Norway,NOR,2021-01-18,288
Norway,NOR,2021-01-19,1060
Norway,NOR,2021-01-20,1753
Norway,NOR,2021-01-21,1921
Norway,NOR,2021-01-22,1928
Norway,NOR,2021-01-23,1928
Norway,NOR,2021-01-24,1928
Norway,NOR,2021-01-25,1928
Norway,NOR,2021-01-26,4070
Norway,NOR,2021-01-27,11595
Norway,NOR,2021-01-28,18150
Norway,NOR,2021-01-29,20256
Norway,NOR,2021-01-30,20428
Norway,NOR,2021-01-31,20478
Norway,NOR,2021-02-01,20779
Norway,NOR,2021-02-02,23917
Norway,NOR,2021-02-03,32229
Norway,NOR,2021-02-04,40860
Norway,NOR,2021-02-05,45719
Norway,NOR,2021-02-06,46454
Norway,NOR,2021-02-07,46749
Norway,NOR,2021-02-08,47671
Norway,NOR,2021-02-09,50905
Norway,NOR,2021-02-10,59543
Norway,NOR,2021-02-11,68100
Norway,NOR,2021-02-12,71708
Norway,NOR,2021-02-13,72013
Norway,NOR,2021-02-14,72015
Norway,NOR,2021-02-15,72766
Norway,NOR,2021-02-16,74939
Norway,NOR,2021-02-17,85101
Norway,NOR,2021-02-18,95881
Norway,NOR,2021-02-19,100672
Norway,NOR,2021-02-20,100840
Norway,NOR,2021-02-21,100936
Norway,NOR,2021-02-22,101077
Norway,NOR,2021-02-23,106279
Norway,NOR,2021-02-24,128519
Norway,NOR,2021-02-25,153505
Norway,NOR,2021-02-26,163415
Norway,NOR,2021-02-27,163612
Norway,NOR,2021-02-28,163771
Norway,NOR,2021-03-01,163833
Norway,NOR,2021-03-02,167639
Norway,NOR,2021-03-03,185561
Norway,NOR,2021-03-04,203859
Norway,NOR,2021-03-05,210254
Norway,NOR,2021-03-06,210730
Norway,NOR,2021-03-07,210730
Norway,NOR,2021-03-08,210776
Norway,NOR,2021-03-09,214924
Norway,NOR,2021-03-10,231886
Norway,NOR,2021-03-11,247986
Norway,NOR,2021-03-12,255832
Norway,NOR,2021-03-13,256120
Norway,NOR,2021-03-14,256120
Oman,OMN,2021-01-17,673
Oman,OMN,2021-01-18,1985
Oman,OMN,2021-01-19,3276
Oman,OMN,2021-01-20,4775
Oman,OMN,2021-01-23,5902
Oman,OMN,2021-01-24,7992
Oman,OMN,2021-01-25,9833
Oman,OMN,2021-01-26,11433
Oman,OMN,2021-01-27,12272
Oman,OMN,2021-02-08,12272
Oman,OMN,2021-02-09,12272
Oman,OMN,2021-02-10,12272
Oman,OMN,2021-02-11,12272
Oman,OMN,2021-02-12,12272
Oman,OMN,2021-02-13,12272
Oman,OMN,2021-02-14,12272
Oman,OMN,2021-02-15,12272
Oman,OMN,2021-02-16,19019
Oman,OMN,2021-02-17,19019
Oman,OMN,2021-02-18,19019
Oman,OMN,2021-02-19,19019
Oman,OMN,2021-02-20,19019
Oman,OMN,2021-02-21,19019
Oman,OMN,2021-02-22,19019
Oman,OMN,2021-02-23,19019
Oman,OMN,2021-03-09,19019
Oman,OMN,2021-03-10,19019
Oman,OMN,2021-03-15,19019
Peru,PER,2021-03-02,1467
Peru,PER,2021-03-03,11300
Peru,PER,2021-03-04,34018
Peru,PER,2021-03-05,58928
Peru,PER,2021-03-06,70343
Peru,PER,2021-03-07,71889
Peru,PER,2021-03-08,80359
Peru,PER,2021-03-09,84999
Peru,PER,2021-03-10,88881
Peru,PER,2021-03-11,92858
Peru,PER,2021-03-12,104322
Peru,PER,2021-03-13,120317
Peru,PER,2021-03-14,121937
Poland,POL,2021-01-17,671
Poland,POL,2021-01-18,3468
Poland,POL,2021-01-19,11174
Poland,POL,2021-01-20,24992
Poland,POL,2021-01-21,39686
Poland,POL,2021-01-22,45479
Poland,POL,2021-01-23,46980
Poland,POL,2021-01-24,47721
Poland,POL,2021-01-25,75765
Poland,POL,2021-01-26,123044
Poland,POL,2021-01-27,149779
Poland,POL,2021-01-28,179128
Poland,POL,2021-01-29,195481
Poland,POL,2021-01-30,198478
Poland,POL,2021-01-31,200537
Poland,POL,2021-02-01,233129
Poland,POL,2021-02-02,289190
Poland,POL,2021-02-03,344432
Poland,POL,2021-02-04,395375
Poland,POL,2021-02-05,424730
Poland,POL,2021-02-06,440365
Poland,POL,2021-02-07,450496
Poland,POL,2021-02-09,482146
Poland,POL,2021-02-11,580607
Poland,POL,2021-02-12,624907
Poland,POL,2021-02-13,640650
Poland,POL,2021-02-14,645971
Poland,POL,2021-02-15,658235
Poland,POL,2021-02-16,691380
Poland,POL,2021-02-17,774060
Poland,POL,2021-02-18,865884
Poland,POL,2021-02-19,916935
Poland,POL,2021-02-20,925682
Poland,POL,2021-02-21,929965
Poland,POL,2021-02-22,934782
Poland,POL,2021-02-24,1031518
Poland,POL,2021-02-26,1168058
Poland,POL,2021-02-28,1186747
Poland,POL,2021-03-01,1192900
Poland,POL,2021-03-03,1281179
Poland,POL,2021-03-04,1366648
Poland,POL,2021-03-06,1424715
Poland,POL,2021-03-08,1434640
Poland,POL,2021-03-09,1445170
Poland,POL,2021-03-11,1555400
Poland,POL,2021-03-12,1595520
Poland,POL,2021-03-13,1602745
Poland,POL,2021-03-14,1606154
Portugal,PRT,2021-01-17,1161
Portugal,PRT,2021-01-18,1825
Portugal,PRT,2021-01-19,9443
Portugal,PRT,2021-01-20,18618
Portugal,PRT,2021-01-21,23592
Portugal,PRT,2021-01-22,25996
Portugal,PRT,2021-01-23,30036
Portugal,PRT,2021-01-24,30553
Portugal,PRT,2021-01-30,65461
Portugal,PRT,2021-01-31,68385
Portugal,PRT,2021-02-01,68752
Portugal,PRT,2021-02-02,70695
Portugal,PRT,2021-02-03,75852
Portugal,PRT,2021-02-04,84975
Portugal,PRT,2021-02-05,94916
Portugal,PRT,2021-02-06,103786
Portugal,PRT,2021-02-07,104526
Portugal,PRT,2021-02-08,104613
Portugal,PRT,2021-02-09,106055
Portugal,PRT,2021-02-10,116559
Portugal,PRT,2021-02-11,133078
Portugal,PRT,2021-02-12,157604
Portugal,PRT,2021-02-13,184694
Portugal,PRT,2021-02-14,194530
Portugal,PRT,2021-02-15,197700
Portugal,PRT,2021-02-16,203286
Portugal,PRT,2021-02-17,209318
Portugal,PRT,2021-02-18,217271
Portugal,PRT,2021-02-19,229975
Portugal,PRT,2021-02-20,242929
Portugal,PRT,2021-02-21,246433
Portugal,PRT,2021-02-22,247843
Portugal,PRT,2021-02-23,249567
Portugal,PRT,2021-02-24,251788
Portugal,PRT,2021-02-25,255277
Portugal,PRT,2021-02-26,258369
Portugal,PRT,2021-02-27,263825
Portugal,PRT,2021-02-28,265110
Portugal,PRT,2021-03-01,265366
Portugal,PRT,2021-03-02,266716
Portugal,PRT,2021-03-03,268381
Portugal,PRT,2021-03-04,273414
Portugal,PRT,2021-03-05,279223
Portugal,PRT,2021-03-06,287830
Portugal,PRT,2021-03-07,291983
Portugal,PRT,2021-03-08,293338
Portugal,PRT,2021-03-09,295516
Portugal,PRT,2021-03-10,297422
Portugal,PRT,2021-03-11,306420
Portugal,PRT,2021-03-12,320723
Portugal,PRT,2021-03-13,334195
Portugal,PRT,2021-03-14,339560
Portugal,PRT,2021-03-15,340707
Romania,ROU,2021-01-17,875
Romania,ROU,2021-01-18,1950
Romania,ROU,2021-01-19,2621
Romania,ROU,2021-01-20,5813
Romania,ROU,2021-01-21,9843
Romania,ROU,2021-01-22,11254
Romania,ROU,2021-01-23,12878
Romania,ROU,2021-01-24,13155
Romania,ROU,2021-01-25,25063
Romania,ROU,2021-01-26,40666
Romania,ROU,2021-01-27,57274
Romania,ROU,2021-01-28,75049
Romania,ROU,2021-01-29,92075
Romania,ROU,2021-01-30,101304
Romania,ROU,2021-01-31,106196
Romania,ROU,2021-02-01,123048
Romania,ROU,2021-02-02,138348
Romania,ROU,2021-02-03,152025
Romania,ROU,2021-02-04,165515
Romania,ROU,2021-02-05,182665
Romania,ROU,2021-02-06,193121
Romania,ROU,2021-02-07,200144
Romania,ROU,2021-02-08,230285
Romania,ROU,2021-02-09,263212
Romania,ROU,2021-02-10,299518
Romania,ROU,2021-02-11,334187
Romania,ROU,2021-02-12,369464
Romania,ROU,2021-02-13,400749
Romania,ROU,2021-02-14,427340
Romania,ROU,2021-02-15,454168
Romania,ROU,2021-02-16,481340
Romania,ROU,2021-02-17,505479
Romania,ROU,2021-02-18,526475
Romania,ROU,2021-02-19,547115
Romania,ROU,2021-02-20,562771
Romania,ROU,2021-02-21,576125
Romania,ROU,2021-02-22,589640
Romania,ROU,2021-02-23,601572
Romania,ROU,2021-02-24,611552
Romania,ROU,2021-02-25,614546
Romania,ROU,2021-02-26,615964
Romania,ROU,2021-02-27,616594
Romania,ROU,2021-02-28,617111
Romania,ROU,2021-03-01,618240
Romania,ROU,2021-03-02,619182
Romania,ROU,2021-03-03,619808
Romania,ROU,2021-03-04,627159
Romania,ROU,2021-03-05,636053
Romania,ROU,2021-03-06,645707
Romania,ROU,2021-03-07,653567
Romania,ROU,2021-03-08,658741
Romania,ROU,2021-03-09,664642
Romania,ROU,2021-03-10,673685
Romania,ROU,2021-03-11,683929
Romania,ROU,2021-03-12,694548
Romania,ROU,2021-03-13,705229
Romania,ROU,2021-03-14,714206
Russia,RUS,2021-02-10,1700000
Russia,RUS,2021-03-01,1098634
Russia,RUS,2021-03-02,1091497
Russia,RUS,2021-03-03,1201919
Russia,RUS,2021-03-04,1309569
Russia,RUS,2021-03-05,1393676
Russia,RUS,2021-03-06,1501746
Russia,RUS,2021-03-07,1527349
Russia,RUS,2021-03-08,1532861
Russia,RUS,2021-03-09,1544760
Russia,RUS,2021-03-10,1775478
Russia,RUS,2021-03-11,1907924
Russia,RUS,2021-03-12,1997217
Russia,RUS,2021-03-13,2115148
Russia,RUS,2021-03-14,2153756
Scotland,,2021-01-03,44
Scotland,,2021-01-10,2758
Scotland,,2021-01-11,2857
Scotland,,2021-01-12,2990
Scotland,,2021-01-13,3190
Scotland,,2021-01-14,3331
Scotland,,2021-01-15,3512
Scotland,,2021-01-16,3657
Scotland,,2021-01-17,3698
Scotland,,2021-01-18,3886
Scotland,,2021-01-19,4170
Scotland,,2021-01-20,4466
Scotland,,2021-01-21,4689
Scotland,,2021-01-22,5188
Scotland,,2021-01-23,5383
Scotland,,2021-01-24,5538
Scotland,,2021-01-25,6060
Scotland,,2021-01-26,6596
Scotland,,2021-01-27,6783
Scotland,,2021-01-28,7095
Scotland,,2021-01-29,7638
Scotland,,2021-01-30,7794
Scotland,,2021-01-31,7849
Scotland,,2021-02-01,8345
Scotland,,2021-02-02,8758
Scotland,,2021-02-03,9031
Scotland,,2021-02-04,9529
Scotland,,2021-02-05,10332
Scotland,,2021-02-06,10582
Scotland,,2021-02-07,10690
Scotland,,2021-02-08,12257
Scotland,,2021-02-09,12866
Scotland,,2021-02-10,13195
Scotland,,2021-02-11,13566
Scotland,,2021-02-12,14009
Scotland,,2021-02-13,14281
Scotland,,2021-02-14,14501
Scotland,,2021-02-15,17137
Scotland,,2021-02-16,20409
Scotland,,2021-02-17,24169
Scotland,,2021-02-18,29015
Scotland,,2021-02-19,33473
Scotland,,2021-02-20,35479
Scotland,,2021-02-21,37342
Scotland,,2021-02-22,43203
Scotland,,2021-02-23,50121
Scotland,,2021-02-24,56661
Scotland,,2021-02-25,65340
Scotland,,2021-02-26,72178
Scotland,,2021-02-27,76512
Scotland,,2021-02-28,78865
Scotland,,2021-03-01,84445
Scotland,,2021-03-02,92550
Scotland,,2021-03-03,100058
Scotland,,2021-03-04,108197
Scotland,,2021-03-05,114081
Scotland,,2021-03-06,115930
Scotland,,2021-03-07,118732
Scotland,,2021-03-08,123686
Scotland,,2021-03-09,132760
Scotland,,2021-03-10,141433
Scotland,,2021-03-11,149409
Scotland,,2021-03-12,156250
Scotland,,2021-03-13,160038
Scotland,,2021-03-14,161945
Serbia,SRB,2021-02-10,47665
Serbia,SRB,2021-02-12,126149
Serbia,SRB,2021-02-14,182000
Serbia,SRB,2021-02-23,472769
Serbia,SRB,2021-02-24,487359
Serbia,SRB,2021-02-25,497729
Serbia,SRB,2021-02-26,507000
Serbia,SRB,2021-02-27,511807
Serbia,SRB,2021-02-28,511999
Serbia,SRB,2021-03-01,524231
Serbia,SRB,2021-03-02,530863
Serbia,SRB,2021-03-03,534751
Serbia,SRB,2021-03-04,563922
Serbia,SRB,2021-03-05,593617
Serbia,SRB,2021-03-06,620067
Serbia,SRB,2021-03-07,620853
Serbia,SRB,2021-03-08,623424
Serbia,SRB,2021-03-09,625707
Serbia,SRB,2021-03-10,647019
Serbia,SRB,2021-03-11,666146
Serbia,SRB,2021-03-12,701100
Serbia,SRB,2021-03-13,738756
Serbia,SRB,2021-03-14,782668
Serbia,SRB,2021-03-15,791269
Seychelles,SYC,2021-02-03,5
Seychelles,SYC,2021-02-06,1586
Seychelles,SYC,2021-02-08,3980
Seychelles,SYC,2021-02-09,6700
Seychelles,SYC,2021-02-10,10335
Seychelles,SYC,2021-02-11,13867
Seychelles,SYC,2021-02-13,14181
Seychelles,SYC,2021-02-15,16441
Seychelles,SYC,2021-02-16,18176
Seychelles,SYC,2021-02-17,19512
Seychelles,SYC,2021-02-18,20665
Seychelles,SYC,2021-02-19,21599
Seychelles,SYC,2021-02-21,21599
Seychelles,SYC,2021-02-23,23380
Seychelles,SYC,2021-02-25,23519
Seychelles,SYC,2021-02-27,23549
Seychelles,SYC,2021-03-01,24230
Seychelles,SYC,2021-03-03,24602
Seychelles,SYC,2021-03-04,24620
Seychelles,SYC,2021-03-08,26567
Seychelles,SYC,2021-03-10,26894
Seychelles,SYC,2021-03-11,27036
Singapore,SGP,2021-01-27,50
Singapore,SGP,2021-01-31,50
Singapore,SGP,2021-02-02,6000
Singapore,SGP,2021-02-10,6000
Singapore,SGP,2021-02-18,110000
Singapore,SGP,2021-03-01,207324
Singapore,SGP,2021-03-04,215000
Singapore,SGP,2021-03-07,217000
Singapore,SGP,2021-03-08,218694
Singapore,SGP,2021-03-15,243000
Slovakia,SVK,2021-01-18,582
Slovakia,SVK,2021-01-19,1043
Slovakia,SVK,2021-01-20,1907
Slovakia,SVK,2021-01-21,2555
Slovakia,SVK,2021-01-22,2688
Slovakia,SVK,2021-01-23,2688
Slovakia,SVK,2021-01-24,2688
Slovakia,SVK,2021-01-25,4981
Slovakia,SVK,2021-01-26,5237
Slovakia,SVK,2021-01-27,5509
Slovakia,SVK,2021-01-28,7031
Slovakia,SVK,2021-01-29,9365
Slovakia,SVK,2021-01-30,9368
Slovakia,SVK,2021-01-31,9536
Slovakia,SVK,2021-02-01,12445
Slovakia,SVK,2021-02-02,15890
Slovakia,SVK,2021-02-03,18220
Slovakia,SVK,2021-02-04,23771
Slovakia,SVK,2021-02-05,30436
Slovakia,SVK,2021-02-06,31132
Slovakia,SVK,2021-02-07,31132
Slovakia,SVK,2021-02-08,35018
Slovakia,SVK,2021-02-09,42558
Slovakia,SVK,2021-02-10,49064
Slovakia,SVK,2021-02-11,55665
Slovakia,SVK,2021-02-12,62058
Slovakia,SVK,2021-02-13,62477
Slovakia,SVK,2021-02-14,62682
Slovakia,SVK,2021-02-15,69479
Slovakia,SVK,2021-02-16,75827
Slovakia,SVK,2021-02-17,81885
Slovakia,SVK,2021-02-18,88482
Slovakia,SVK,2021-02-19,95326
Slovakia,SVK,2021-02-20,95609
Slovakia,SVK,2021-02-21,95609
Slovakia,SVK,2021-02-22,102499
Slovakia,SVK,2021-02-23,109060
Slovakia,SVK,2021-02-24,115880
Slovakia,SVK,2021-02-25,123739
Slovakia,SVK,2021-02-26,132802
Slovakia,SVK,2021-02-27,133686
Slovakia,SVK,2021-02-28,133686
Slovakia,SVK,2021-03-01,142891
Slovakia,SVK,2021-03-02,152573
Slovakia,SVK,2021-03-03,161722
Slovakia,SVK,2021-03-04,170404
Slovakia,SVK,2021-03-05,177630
Slovakia,SVK,2021-03-06,179688
Slovakia,SVK,2021-03-07,179880
Slovakia,SVK,2021-03-08,188463
Slovakia,SVK,2021-03-09,195246
Slovakia,SVK,2021-03-10,201865
Slovakia,SVK,2021-03-11,208704
Slovakia,SVK,2021-03-12,214468
Slovakia,SVK,2021-03-13,216420
Slovakia,SVK,2021-03-14,216420
Slovenia,SVN,2021-01-18,165
Slovenia,SVN,2021-01-19,1785
Slovenia,SVN,2021-01-20,5172
Slovenia,SVN,2021-01-21,8541
Slovenia,SVN,2021-01-22,9510
Slovenia,SVN,2021-01-23,9993
Slovenia,SVN,2021-01-24,10126
Slovenia,SVN,2021-01-25,10131
Slovenia,SVN,2021-01-26,11835
Slovenia,SVN,2021-01-27,16497
Slovenia,SVN,2021-01-28,21956
Slovenia,SVN,2021-01-29,25933
Slovenia,SVN,2021-01-30,26032
Slovenia,SVN,2021-01-31,26034
Slovenia,SVN,2021-02-01,26067
Slovenia,SVN,2021-02-02,27162
Slovenia,SVN,2021-02-03,31765
Slovenia,SVN,2021-02-04,38493
Slovenia,SVN,2021-02-05,43752
Slovenia,SVN,2021-02-06,44325
Slovenia,SVN,2021-02-07,44325
Slovenia,SVN,2021-02-08,44325
Slovenia,SVN,2021-02-09,44356
Slovenia,SVN,2021-02-10,45069
Slovenia,SVN,2021-02-11,46785
Slovenia,SVN,2021-02-12,48526
Slovenia,SVN,2021-02-13,48715
Slovenia,SVN,2021-02-14,48731
Slovenia,SVN,2021-02-15,48739
Slovenia,SVN,2021-02-16,48810
Slovenia,SVN,2021-02-17,49434
Slovenia,SVN,2021-02-18,50149
Slovenia,SVN,2021-02-19,50746
Slovenia,SVN,2021-02-20,50765
Slovenia,SVN,2021-02-21,50765
Slovenia,SVN,2021-02-22,50770
Slovenia,SVN,2021-02-23,50778
Slovenia,SVN,2021-02-24,50955
Slovenia,SVN,2021-02-25,51149
Slovenia,SVN,2021-02-26,51704
Slovenia,SVN,2021-02-27,51715
Slovenia,SVN,2021-02-28,51715
Slovenia,SVN,2021-03-01,51715
Slovenia,SVN,2021-03-02,51733
Slovenia,SVN,2021-03-03,52562
Slovenia,SVN,2021-03-04,56985
Slovenia,SVN,2021-03-05,62573
Slovenia,SVN,2021-03-06,63166
Slovenia,SVN,2021-03-07,63166
Slovenia,SVN,2021-03-08,63562
Slovenia,SVN,2021-03-09,64058
Slovenia,SVN,2021-03-10,68933
Slovenia,SVN,2021-03-11,76770
Slovenia,SVN,2021-03-12,81723
Slovenia,SVN,2021-03-13,83867
Slovenia,SVN,2021-03-14,83867
South Africa,ZAF,2021-02-18,2260
South Africa,ZAF,2021-02-19,6524
South Africa,ZAF,2021-02-20,10414
South Africa,ZAF,2021-02-21,15388
South Africa,ZAF,2021-02-22,23059
South Africa,ZAF,2021-02-23,32315
South Africa,ZAF,2021-02-24,41809
South Africa,ZAF,2021-02-25,52647
South Africa,ZAF,2021-02-26,63648
South Africa,ZAF,2021-02-27,67303
South Africa,ZAF,2021-02-28,70527
South Africa,ZAF,2021-03-01,73047
South Africa,ZAF,2021-03-02,76037
South Africa,ZAF,2021-03-03,83570
South Africa,ZAF,2021-03-04,92029
South Africa,ZAF,2021-03-05,100180
South Africa,ZAF,2021-03-06,101573
South Africa,ZAF,2021-03-07,101573
South Africa,ZAF,2021-03-08,101841
South Africa,ZAF,2021-03-09,107054
South Africa,ZAF,2021-03-10,128887
South Africa,ZAF,2021-03-11,138014
South Africa,ZAF,2021-03-12,145215
South Africa,ZAF,2021-03-13,145544
South Africa,ZAF,2021-03-15,147753
Spain,ESP,2021-01-18,2315
Spain,ESP,2021-01-19,9341
Spain,ESP,2021-01-20,15642
Spain,ESP,2021-01-21,49056
Spain,ESP,2021-01-22,68456
Spain,ESP,2021-01-24,88698
Spain,ESP,2021-01-25,123697
Spain,ESP,2021-01-26,173066
Spain,ESP,2021-01-27,192759
Spain,ESP,2021-01-28,251866
Spain,ESP,2021-01-31,357892
Spain,ESP,2021-02-01,418519
Spain,ESP,2021-02-02,498978
Spain,ESP,2021-02-03,586122
Spain,ESP,2021-02-04,682909
Spain,ESP,2021-02-07,786407
Spain,ESP,2021-02-08,838782
Spain,ESP,2021-02-09,889683
Spain,ESP,2021-02-10,943278
Spain,ESP,2021-02-11,1000485
Spain,ESP,2021-02-14,1070091
Spain,ESP,2021-02-15,1096922
Spain,ESP,2021-02-16,1119180
Spain,ESP,2021-02-17,1144556
Spain,ESP,2021-02-18,1171026
Spain,ESP,2021-02-21,1197061
Spain,ESP,2021-02-22,1208305
Spain,ESP,2021-02-23,1221183
Spain,ESP,2021-02-24,1231782
Spain,ESP,2021-02-25,1243783
Spain,ESP,2021-02-28,1261848
Spain,ESP,2021-03-01,1266700
Spain,ESP,2021-03-02,1287002
Spain,ESP,2021-03-03,1308913
Spain,ESP,2021-03-04,1342485
Spain,ESP,2021-03-07,1383488
Spain,ESP,2021-03-08,1412236
Spain,ESP,2021-03-09,1447838
Spain,ESP,2021-03-10,1503258
Spain,ESP,2021-03-11,1583244
Spain,ESP,2021-03-15,1693674
Sweden,SWE,2021-01-17,29
Sweden,SWE,2021-01-24,9828
Sweden,SWE,2021-01-31,34557
Sweden,SWE,2021-02-07,87599
Sweden,SWE,2021-02-14,154706
Sweden,SWE,2021-02-21,235402
Sweden,SWE,2021-02-28,285065
Sweden,SWE,2021-03-05,292867
Sweden,SWE,2021-03-09,316439
Sweden,SWE,2021-03-10,320441
Sweden,SWE,2021-03-11,327467
Sweden,SWE,2021-03-12,335031
Switzerland,CHE,2021-02-14,101948
Switzerland,CHE,2021-02-15,107633
Switzerland,CHE,2021-02-16,114089
Switzerland,CHE,2021-02-17,137156
Switzerland,CHE,2021-02-18,144752
Switzerland,CHE,2021-02-19,151807
Switzerland,CHE,2021-02-20,153840
Switzerland,CHE,2021-02-21,172825
Switzerland,CHE,2021-02-22,178893
Switzerland,CHE,2021-02-23,185999
Switzerland,CHE,2021-02-24,220479
Switzerland,CHE,2021-02-25,227716
Switzerland,CHE,2021-02-26,234082
Switzerland,CHE,2021-02-27,234992
Switzerland,CHE,2021-02-28,259150
Switzerland,CHE,2021-03-01,264297
Switzerland,CHE,2021-03-02,269423
Switzerland,CHE,2021-03-03,299870
Switzerland,CHE,2021-03-04,305209
Switzerland,CHE,2021-03-05,309120
Switzerland,CHE,2021-03-06,309609
Switzerland,CHE,2021-03-07,331780
Switzerland,CHE,2021-03-08,335580
Switzerland,CHE,2021-03-09,339803
Switzerland,CHE,2021-03-10,368454
Turkey,TUR,2021-02-12,336532
Turkey,TUR,2021-02-13,456891
Turkey,TUR,2021-02-14,488937
Turkey,TUR,2021-02-15,573879
Turkey,TUR,2021-02-16,646162
Turkey,TUR,2021-02-17,746170
Turkey,TUR,2021-02-18,867116
Turkey,TUR,2021-02-19,976716
Turkey,TUR,2021-02-20,1030416
Turkey,TUR,2021-02-21,1053837
Turkey,TUR,2021-02-22,1098831
Turkey,TUR,2021-02-23,1182976
Turkey,TUR,2021-02-24,1267285
Turkey,TUR,2021-02-25,1397487
Turkey,TUR,2021-02-26,1553658
Turkey,TUR,2021-02-27,1660133
Turkey,TUR,2021-02-28,1677952
Turkey,TUR,2021-03-01,1799160
Turkey,TUR,2021-03-02,1949918
Turkey,TUR,2021-03-03,2077031
Turkey,TUR,2021-03-04,2206502
Turkey,TUR,2021-03-05,2309952
Turkey,TUR,2021-03-06,2373684
Turkey,TUR,2021-03-07,2392405
Turkey,TUR,2021-03-08,2436957
Turkey,TUR,2021-03-09,2546475
Turkey,TUR,2021-03-10,2614803
Turkey,TUR,2021-03-11,2694656
Turkey,TUR,2021-03-12,2883712
Turkey,TUR,2021-03-13,3035740
Turkey,TUR,2021-03-14,3099300
Turkey,TUR,2021-03-15,3349666
United Arab Emirates,ARE,2021-01-10,250000
United Arab Emirates,ARE,2021-02-23,2187849
United Kingdom,GBR,2021-01-03,22002
United Kingdom,GBR,2021-01-10,391399
United Kingdom,GBR,2021-01-11,412167
United Kingdom,GBR,2021-01-12,428232
United Kingdom,GBR,2021-01-13,437977
United Kingdom,GBR,2021-01-14,443234
United Kingdom,GBR,2021-01-15,447442
United Kingdom,GBR,2021-01-16,450062
United Kingdom,GBR,2021-01-17,452301
United Kingdom,GBR,2021-01-18,456866
United Kingdom,GBR,2021-01-19,460625
United Kingdom,GBR,2021-01-20,464036
United Kingdom,GBR,2021-01-21,466796
United Kingdom,GBR,2021-01-22,468617
United Kingdom,GBR,2021-01-23,469660
United Kingdom,GBR,2021-01-24,470478
United Kingdom,GBR,2021-01-25,472446
United Kingdom,GBR,2021-01-26,474156
United Kingdom,GBR,2021-01-27,476485
United Kingdom,GBR,2021-01-28,478254
United Kingdom,GBR,2021-01-29,480432
United Kingdom,GBR,2021-01-30,491053
United Kingdom,GBR,2021-01-31,494209
United Kingdom,GBR,2021-02-01,496796
United Kingdom,GBR,2021-02-02,498962
United Kingdom,GBR,2021-02-03,501957
United Kingdom,GBR,2021-02-04,505993
United Kingdom,GBR,2021-02-05,510057
United Kingdom,GBR,2021-02-06,511719
United Kingdom,GBR,2021-02-07,512581
United Kingdom,GBR,2021-02-08,516392
United Kingdom,GBR,2021-02-09,519553
United Kingdom,GBR,2021-02-10,524447
United Kingdom,GBR,2021-02-11,530094
United Kingdom,GBR,2021-02-12,534869
United Kingdom,GBR,2021-02-13,537715
United Kingdom,GBR,2021-02-14,539630
United Kingdom,GBR,2021-02-15,546165
United Kingdom,GBR,2021-02-16,558577
United Kingdom,GBR,2021-02-17,573724
United Kingdom,GBR,2021-02-18,589591
United Kingdom,GBR,2021-02-19,604885
United Kingdom,GBR,2021-02-20,615148
United Kingdom,GBR,2021-02-21,624325
United Kingdom,GBR,2021-02-22,642788
United Kingdom,GBR,2021-02-23,669105
United Kingdom,GBR,2021-02-24,700718
United Kingdom,GBR,2021-02-25,736037
United Kingdom,GBR,2021-02-26,768810
United Kingdom,GBR,2021-02-27,796132
United Kingdom,GBR,2021-02-28,815816
United Kingdom,GBR,2021-03-01,844098
United Kingdom,GBR,2021-03-02,895412
United Kingdom,GBR,2021-03-03,963862
United Kingdom,GBR,2021-03-04,1034068
United Kingdom,GBR,2021-03-05,1090840
United Kingdom,GBR,2021-03-06,1122402
United Kingdom,GBR,2021-03-07,1142643
United Kingdom,GBR,2021-03-08,1181431
United Kingdom,GBR,2021-03-09,1254353
United Kingdom,GBR,2021-03-10,1351515
United Kingdom,GBR,2021-03-11,1445078
United Kingdom,GBR,2021-03-12,1532754
United Kingdom,GBR,2021-03-13,1584909
United Kingdom,GBR,2021-03-14,1610280
United States,USA,2021-01-14,1342086
United States,USA,2021-01-15,1610524
United States,USA,2021-01-19,2023124
United States,USA,2021-01-20,2161419
United States,USA,2021-01-21,2394961
United States,USA,2021-01-22,2756953
United States,USA,2021-01-23,3027865
United States,USA,2021-01-24,3216836
United States,USA,2021-01-25,3346390
United States,USA,2021-01-26,3481921
United States,USA,2021-01-27,3801053
United States,USA,2021-01-28,4263056
United States,USA,2021-01-29,4780888
United States,USA,2021-01-30,5259693
United States,USA,2021-01-31,5657142
United States,USA,2021-02-01,5927847
United States,USA,2021-02-02,6064792
United States,USA,2021-02-03,6436931
United States,USA,2021-02-04,6926050
United States,USA,2021-02-05,7503864
United States,USA,2021-02-06,8317180
United States,USA,2021-02-07,9147185
United States,USA,2021-02-08,9518015
United States,USA,2021-02-09,9840429
United States,USA,2021-02-10,10469514
United States,USA,2021-02-11,11188782
United States,USA,2021-02-12,12085830
United States,USA,2021-02-13,13082172
United States,USA,2021-02-14,14077440
United States,USA,2021-02-16,15015434
United States,USA,2021-02-17,15471536
United States,USA,2021-02-18,16162358
United States,USA,2021-02-19,17039118
United States,USA,2021-02-20,17895667
United States,USA,2021-02-21,18865319
United States,USA,2021-02-22,19438495
United States,USA,2021-02-23,19882544
United States,USA,2021-02-24,20607261
United States,USA,2021-02-25,21555117
United States,USA,2021-02-26,22613359
United States,USA,2021-02-27,23698627
United States,USA,2021-02-28,24779920
United States,USA,2021-03-01,25466405
United States,USA,2021-03-02,26162122
United States,USA,2021-03-03,26957804
United States,USA,2021-03-04,27795980
United States,USA,2021-03-05,28701201
United States,USA,2021-03-06,29776160
United States,USA,2021-03-07,30686881
United States,USA,2021-03-08,31493040
United States,USA,2021-03-09,32102061
United States,USA,2021-03-10,32904161
United States,USA,2021-03-11,33863127
United States,USA,2021-03-12,35000159
United States,USA,2021-03-13,36929777
United States,USA,2021-03-14,37459269
United States,USA,2021-03-15,38335432
Wales,,2021-01-03,27
Wales,,2021-01-10,79
Wales,,2021-01-11,97
Wales,,2021-01-12,108
Wales,,2021-01-13,121
Wales,,2021-01-14,129
Wales,,2021-01-17,201
Wales,,2021-01-18,265
Wales,,2021-01-19,370
Wales,,2021-01-20,396
Wales,,2021-01-21,415
Wales,,2021-01-22,469
Wales,,2021-01-23,516
Wales,,2021-01-24,543
Wales,,2021-01-25,581
Wales,,2021-01-26,639
Wales,,2021-01-27,674
Wales,,2021-01-28,717
Wales,,2021-01-29,750
Wales,,2021-01-30,786
Wales,,2021-01-31,841
Wales,,2021-02-01,1066
Wales,,2021-02-02,1160
Wales,,2021-02-03,1216
Wales,,2021-02-04,1635
Wales,,2021-02-05,2471
Wales,,2021-02-06,2606
Wales,,2021-02-07,2792
Wales,,2021-02-08,3491
Wales,,2021-02-09,3687
Wales,,2021-02-10,3795
Wales,,2021-02-11,4010
Wales,,2021-02-12,4224
Wales,,2021-02-13,4573
Wales,,2021-02-14,5402
Wales,,2021-02-15,7251
Wales,,2021-02-16,12988
Wales,,2021-02-17,19342
Wales,,2021-02-18,25433
Wales,,2021-02-19,32002
Wales,,2021-02-20,37773
Wales,,2021-02-21,42752
Wales,,2021-02-22,49729
Wales,,2021-02-23,59279
Wales,,2021-02-24,69851
Wales,,2021-02-25,80062
Wales,,2021-02-26,89053
Wales,,2021-02-27,96408
Wales,,2021-02-28,103819
Wales,,2021-03-01,111716
Wales,,2021-03-02,124781
Wales,,2021-03-03,139445
Wales,,2021-03-04,154819
Wales,,2021-03-05,168163
Wales,,2021-03-06,176054
Wales,,2021-03-07,183739
Wales,,2021-03-08,192030
Wales,,2021-03-09,206394
Wales,,2021-03-10,221902
Wales,,2021-03-11,237357
Wales,,2021-03-12,250026
Wales,,2021-03-13,257398
Wales,,2021-03-14,264255
World,OWID_WRL,2021-01-03,22002
World,OWID_WRL,2021-01-04,22004
World,OWID_WRL,2021-01-05,22004
World,OWID_WRL,2021-01-06,22004
World,OWID_WRL,2021-01-07,24180
World,OWID_WRL,2021-01-08,26063
World,OWID_WRL,2021-01-09,27912
World,OWID_WRL,2021-01-10,653296
World,OWID_WRL,2021-01-11,693303
World,OWID_WRL,2021-01-12,745193
World,OWID_WRL,2021-01-13,823178
World,OWID_WRL,2021-01-14,2249178
World,OWID_WRL,2021-01-15,2568283
World,OWID_WRL,2021-01-16,2600084
World,OWID_WRL,2021-01-17,2713215
World,OWID_WRL,2021-01-18,2882604
World,OWID_WRL,2021-01-19,3515919
World,OWID_WRL,2021-01-20,3929290
World,OWID_WRL,2021-01-21,4481842
World,OWID_WRL,2021-01-22,5022348
World,OWID_WRL,2021-01-23,5460051
World,OWID_WRL,2021-01-24,5906633
World,OWID_WRL,2021-01-25,6416964
World,OWID_WRL,2021-01-26,6976264
World,OWID_WRL,2021-01-27,7652457
World,OWID_WRL,2021-01-28,8594159
World,OWID_WRL,2021-01-29,9492132
World,OWID_WRL,2021-01-30,10298380
World,OWID_WRL,2021-01-31,11068361
World,OWID_WRL,2021-02-01,11751875
World,OWID_WRL,2021-02-02,12361047
World,OWID_WRL,2021-02-03,13319547
World,OWID_WRL,2021-02-04,14471876
World,OWID_WRL,2021-02-05,15529530
World,OWID_WRL,2021-02-06,16637574
World,OWID_WRL,2021-02-07,17902184
World,OWID_WRL,2021-02-08,18704327
World,OWID_WRL,2021-02-09,19575978
World,OWID_WRL,2021-02-10,22518077
World,OWID_WRL,2021-02-11,23964990
World,OWID_WRL,2021-02-12,25767697
World,OWID_WRL,2021-02-13,27291628
World,OWID_WRL,2021-02-14,28904280
World,OWID_WRL,2021-02-15,29582624
World,OWID_WRL,2021-02-16,31266409
World,OWID_WRL,2021-02-17,32815644
World,OWID_WRL,2021-02-18,34599471
World,OWID_WRL,2021-02-19,36795570
World,OWID_WRL,2021-02-20,38353221
World,OWID_WRL,2021-02-21,39892893
World,OWID_WRL,2021-02-22,41104824
World,OWID_WRL,2021-02-23,44626303
World,OWID_WRL,2021-02-24,46301909
World,OWID_WRL,2021-02-25,48434856
World,OWID_WRL,2021-02-26,50720503
World,OWID_WRL,2021-02-27,52662652
World,OWID_WRL,2021-02-28,54170998
World,OWID_WRL,2021-03-01,55070162
World,OWID_WRL,2021-03-02,56589638
World,OWID_WRL,2021-03-03,58753530
World,OWID_WRL,2021-03-04,61163687
World,OWID_WRL,2021-03-05,63439385
World,OWID_WRL,2021-03-06,65541799
World,OWID_WRL,2021-03-07,66878392
World,OWID_WRL,2021-03-08,68717151
World,OWID_WRL,2021-03-09,70512013
World,OWID_WRL,2021-03-10,73055075
World,OWID_WRL,2021-03-11,75552234
World,OWID_WRL,2021-03-12,78635718
World,OWID_WRL,2021-03-13,81960866
World,OWID_WRL,2021-03-14,82927174
World,OWID_WRL,2021-03-15,85589474